,Argentina,Australia,Austria,Azerbaijan,Burundi,Belgium,Bangladesh,Bulgaria,Brunei Darussalam,Botswana,Central African Republic,Canada,Switzerland,Chile,China,Cote d'Ivoire,Cameroon,Colombia,Costa Rica,Cuba,Cyprus,Czechia,Denmark,"Egypt, Arab Rep.",Spain,Finland,Fiji,France,United Kingdom,Ghana,"Gambia, The",Greece,"Hong Kong SAR, China",Hungary,Ireland,"Iran, Islamic Rep.",Iceland,Italy,Jamaica,Jordan,Japan,Kenya,Kyrgyz Republic,St. Kitts and Nevis,"Korea, Rep.",Kuwait,Sri Lanka,Lesotho,Luxembourg,Morocco,Madagascar,Mexico,Mali,Malta,Mauritius,Malawi,Malaysia,Niger,Netherlands,Norway,New Zealand,Oman,Pakistan,Panama,Peru,Philippines,Poland,Portugal,Saudi Arabia,Singapore,Slovak Republic,Sweden,Eswatini,Seychelles,Togo,Thailand,Trinidad and Tobago,Tunisia,Turkiye,Uganda,Uruguay,South Africa,Zambia
0,0.03738586017941836,5.369389775837305,4.735246468663663,6.873301508545878,2.040973931043911,4.407633946511299,0.6914584375678439,3.5860891253443765,3.1099338812464836,4.079227711978947,2.7938082387511507,8.120671615287174,3.885048926414125,2.3099535801562725,1.219427828130875,7.67273018846393,3.1683647994406448,1.0717030760719148,3.374298136235566,120.98091440381255,2.4969141663619947,3.1966705706661265,5.744547141690943,5.471643105132069,1.5977002181952753,4.533529981277046,6.460986609264555,3.66271735993783,4.890165971181844,3.0885588956077146,3.1249530725937094,1.0010005001667084,1.889079771315869,6.7366129984762555,5.4966011660694925,4.047615567286213,2.2416101161236055,3.9125244865756414,3.852464804620083,4.2908471064803395,5.327604024693891,5.522617508958463,2.944953363601207,2.3481089362420513,2.865457081460698,3.088728101881627,3.236748682459245,5.403427673051192,3.3425989207076037,5.1295262136749935,3.017882199162926,0.3663207294790056,2.682615606310083,3.1548834805583033,3.7380299665991887,3.037293711169065,6.506258575330734,1.0010005001667084,6.1555373868513685,5.279674876696811,3.654146927195427,1.134695258061222,1.922977326696853,4.079133540317392,2.3164760352791225,1.2329929190500766,4.481968959398306,1.897126133590075,3.6917655206184845,2.700906366514502,4.397506927153471,5.00343751133395,5.0874182964885355,7.069829722351161,4.921490417919317,2.6292643075340942,4.791307151003909,4.6954131478813945,1.065169247253451,3.542677746728889,0.33469894137445966,4.335340735375457,5.097066267590151
1,0.13090217954863193,5.36442617578756,4.748929762692235,6.756461033614996,2.0771372339739327,4.440668354394218,0.7181131815206185,3.589694950351707,3.11711037264936,4.13163913578004,2.7723701758839416,8.04449436559839,3.903455435099793,2.3476709146038313,1.2424154123705016,7.583639924972915,3.1600656566814163,1.1372933770343703,3.411459856140535,112.44892694659737,2.53921498891445,3.2149007283623723,5.77732077629515,5.439198874087689,1.6548190579425939,4.56484369359613,6.4323011164483725,3.699020661551257,4.891590506565376,3.1187793280755662,3.102584143261986,1.0039298138204649,1.9134415551189148,6.6973153724195145,5.473099818323784,4.042505216495659,2.3395742910382538,3.9201473687457815,3.881896986014382,4.283772201771688,5.280535287373022,5.520752211922762,2.983292834529132,2.3686683888978575,2.882008278866421,3.1169829843650723,3.212048628790792,5.4589992160607,3.3551192252115416,5.134785384444437,3.0083120852035674,0.4542871014882617,2.698738866838232,3.1861161282753345,3.7430513118129616,3.0552454249489926,6.474561281274374,1.0010005001667084,6.134107644610438,5.312161083625019,3.7054196987483627,1.203451837220836,1.9331990954598717,4.064758392764093,2.336714800947575,1.254757089178106,4.490330241063393,1.9601159652964952,3.7568654103748056,2.7066360883421394,4.390872519019387,5.042790358140879,5.0992786686351605,7.013451474583078,4.903945485830727,2.6485515756934146,4.77127252136411,4.728151514528687,1.1161508775767006,3.5112723918507913,0.40310015467069904,4.354335690474445,5.059319692725311
2,0.22441849891784552,5.359462575737817,4.762652596908781,6.641606750700441,2.1139413018147244,4.473702762277136,0.7447679254733932,3.593304401028541,3.1243034245422088,4.1847239609057985,2.7509321130167326,7.969031708697619,3.9219491497816836,2.38538824905139,1.2658363383930396,7.494549661481899,3.1517665139221878,1.2028836779968257,3.4490308443942213,104.51864439737372,2.5822324398607526,3.2332348500556227,5.810281390150931,5.4067546430433095,1.7119378976899122,4.596373694013728,6.40361562363219,3.7353239631646837,4.8930154569248145,3.1492954565522724,3.0802152139302623,1.03084813231854,1.9381175112078945,6.658017746362774,5.449698953281692,4.037394865705104,2.4375384659529016,3.9277851027929582,3.9113291674086814,4.276697297063037,5.233882396654622,5.5188869148870605,3.0221314356128013,2.3894078549623186,2.8986550778211386,3.1454963351752263,3.1875370644710896,5.51514228451282,3.3676864267643287,5.140049947305864,2.9987419712442085,0.5422534734975177,2.714862127366381,3.2176579722873884,3.748079402266334,3.0733032410878898,6.443018410599571,1.017497247275406,6.112677902369509,5.344847180445164,3.756692470301299,1.2722084163804501,1.9434751990063504,4.050433904220884,2.356953566616028,1.2769054294777908,4.498707121013905,2.0231057970029154,3.8219653001311267,2.7123779652420996,4.384238110885303,5.0821432049478075,5.111166691039589,6.957522814279791,4.886400553742136,2.6679803278077654,4.751237891724311,4.76111814663782,1.1671325078999502,3.4801454411588852,0.4715013679669384,4.373330645573433,5.021573117860472
3,0.3179348182870591,5.354498975688073,4.776415085571349,6.528704896170831,2.15139748805553,4.506737170160054,0.7714226694261679,3.596917481020504,3.131513075140059,4.238490839465078,2.729494050149524,7.894276941233741,3.9405304836226547,2.4231055834989492,1.2896987751778326,7.405459397990883,3.1434673711629593,1.268473978959281,3.487015608338634,97.14763247009542,2.6259786597746286,3.251673528637767,5.843430050007238,5.37431041199893,1.7690567374372308,4.628121476461349,6.374930130816006,3.771627264778111,4.894440822381046,3.180110174316404,3.057846284598539,1.0584882103069586,1.9631116911837114,6.618720120306033,5.426398141317909,4.03228451491455,2.5355026408675494,3.935437717653505,3.9407613488029805,4.2696223923543855,5.187641678584248,5.517021617851359,3.061475664879087,2.4103289105876717,2.9153980305299827,3.174270518713214,3.163212551113198,5.571862756260024,3.380300701027285,5.14531990778765,2.98917185728485,0.6302198455067738,2.7309853878945303,3.249512073569305,3.7531142470202763,3.0914677866963878,6.4116292109840405,1.0410896806801784,6.091248160128578,5.3777343970936675,3.8079652418542347,1.3409649955400642,1.9538059261579954,4.036159896161926,2.377192332284481,1.299444721127551,4.5070996283490254,2.0860956287093355,3.8870651898874473,2.7181320230002384,4.377603702751219,5.121496051754735,5.12308242816327,6.902040156213014,4.8688556216535455,2.6875516017488326,4.731203262084513,4.7943146357702044,1.2181141382231995,3.4492944266380454,0.5399025812631777,4.392325600672421,4.983826542995632
4,0.41145113765627267,5.349535375638329,4.7902173432681545,6.417722280348764,2.1895173473540983,4.539771578042972,0.7980774133789426,3.6005341939768836,3.1387393627461257,4.2929485347322265,2.708055987282315,7.820223422737471,3.959199851743043,2.460822917946508,1.3140110456986607,7.316369134499867,3.1351682284037308,1.3340642799217364,3.5254187049559063,90.29644948956008,2.670465994906179,3.2702173603818756,5.876767828699017,5.3418661809545505,1.8261755771845494,4.660088545189294,6.346244637999823,3.807930566391538,4.89586660305499,3.211226402956216,3.0354773552668157,1.0868694002858386,1.988428198897166,6.579422494249292,5.4031969546440415,4.027174164123995,2.6334668157821977,3.9431052423201303,3.9701935301972795,4.262547487645734,5.141809491666394,5.515156320815657,3.101332104950739,2.4314331457265475,2.9322376923876856,3.2033079210090873,3.139073661306697,5.62916656960555,3.3929622243196977,5.150595271423833,2.9796017433254915,0.7181862175160298,2.7471086484226794,3.2816815233988983,3.7581558551479297,3.1097396925916136,6.380392933770668,1.0652291454557472,6.069818417887649,5.410823971074826,3.8592380134071704,1.409721574699678,1.9641915672717718,4.0219361906905124,2.397431097952934,1.3223818650037529,4.515507792222232,2.1490854604157557,3.9521650796437684,2.7238982874571147,4.370969294617135,5.160848898561664,5.13502594461793,6.846999943744811,4.851310689564954,2.7072664430017293,4.711168632444714,4.827742584584282,1.269095768546449,3.4187169021517625,0.6083037945594172,4.411320555771409,4.9460799681307925
5,0.5049674570254863,5.344571775588585,4.804059484918534,6.308626277754069,2.228312639101115,4.57280598592589,0.8247321573317172,3.604154543550639,3.1459823257520108,4.348105922575372,2.686617924415106,7.746864575031513,3.977957671229931,2.4985402523940667,1.338781629826708,7.227278871008852,3.1268690856445023,1.3996545808841918,3.564244741414993,83.9284353422665,2.7157070006662924,3.288866944961478,5.910295805181921,5.3094219499101705,1.8832944169318677,4.692276414837927,6.31755914518364,3.844233868004965,4.8972927990676,3.24264709264665,3.0131084259350924,1.1160115736528882,2.014071191122777,6.540124868192552,5.380094967300753,4.022063813333441,2.731430990696846,3.9507877058420333,3.9996257115915785,4.255472582937083,5.09638222657773,5.5132910237799555,3.1417074241477123,2.4527221642528025,2.9491746219970003,3.2326109499196813,3.1151189785339235,5.687059723925108,3.4056711736212932,5.155876043754129,2.9700316293661326,0.8061525895252859,2.7632319089508286,3.3141694436569455,3.7632042357346243,3.128119593319093,6.349308833949664,1.0899283254705163,6.048388675646718,5.444117147507388,3.9105107849601066,1.4784781538592922,1.974632414248065,4.0077626105368624,2.4176698636213865,1.3457238837935568,4.523931641841382,2.212075292122176,4.01726496940009,2.7296767845081056,4.364334886483051,5.2002017453685925,5.146997305165927,6.792398648599598,4.833765757476364,2.7271259047208423,4.691134002804915,4.861403606912887,1.3200773988696985,3.388410443248194,0.6767050078556565,4.430315510870397,4.908333393265954
6,0.5984837763946999,5.339608175538841,4.817941625773907,6.201384817512908,2.267795331047794,4.605840393808808,0.8513869012844919,3.6077785333984,3.15324200263791,4.403971992903077,2.6651798615478968,7.674193881646196,3.9968043611464728,2.5362575868416255,1.3640191672882551,7.1381886075178365,3.118569942885274,1.4652448818466473,3.6034983756243846,78.00951531117978,2.76171444517009,3.3076228854699576,5.944015064567231,5.2769777188657905,1.9404132566791863,4.7246866105094405,6.2888736523674575,3.8805371696183917,4.8987194105398695,3.2743752224290423,2.9907394966033687,1.145935134616582,2.040044878241293,6.500827242135811,5.357091755149946,4.016953462542886,2.8293951656114937,3.9584851373250065,4.029057892985878,4.248397678228431,5.05135630588286,5.511425726744254,3.1826083776028344,2.474197584083411,2.9662093811872294,3.262182035328279,3.091347097086847,5.745548280294973,3.418427726574704,5.161162230323932,2.960461515406774,0.8941189615345418,2.7793551694789778,3.3469789871301545,3.768259397877893,3.1466081271747917,6.318376170140782,1.115200198690315,6.026958933405789,5.4776151791714085,3.9617835565130424,1.5472347330189062,1.9851287605388845,3.9936389790559037,2.4379086292898395,1.3694779241450616,4.5323712064688255,2.275065123828596,4.08236485915641,2.735467540103522,4.357700478348966,5.239554592175521,5.1589965747206,6.738232770637976,4.816220825387773,2.747131047786094,4.6710993731651165,4.895299327841172,1.371059029192948,3.358372646967931,0.7451062211518958,4.449310465969385,4.870586818401114
7,0.6920000957639134,5.334644575489097,4.831863881418726,6.09596637392994,2.307977602997747,4.638874801691727,0.8780416452372665,3.6114061671804762,3.1605184319728155,4.460555851129568,2.6437417986806877,7.602204887240632,4.015740342541245,2.5739749212891843,1.3897324606781274,7.04909834402682,3.1102708001260453,1.5308351828091027,3.643184316790912,72.50801774473845,2.808501312840397,3.326485788440052,5.977926698156975,5.244533487821411,1.9975320964265046,4.757320667840114,6.260188159551275,3.9168404712318186,4.900146437592824,3.306413800493571,2.9683705672716454,1.1766610344823867,2.066353524931002,6.46152961607907,5.334186895866973,4.011843111752332,2.9273593405261416,3.9661975659315525,4.0584900743801775,4.24132277351978,5.006728183752597,5.509560429708553,3.224041808391995,2.495861037301422,2.9833425350328677,3.2920236293461067,3.0677566219845764,5.8046383621265525,3.431232061487957,5.166453836684323,2.9508914014474157,0.9820853335437979,2.795478430007127,3.3801133378171233,3.7733213506874907,3.165205936227277,6.2875942045756545,1.1410580439975553,6.005529191164858,5.511319326555382,4.013056328065979,1.6159913121785203,1.9956809011561127,3.9795651202250726,2.458147394958292,1.393651258855399,4.540826515421504,2.338054955535016,4.147464748912731,2.7412705802487274,4.351066070214882,5.278907438982449,5.171023818346622,6.6844988376323435,4.798675893299182,2.7672829408596127,4.6510647435253185,4.929431383785049,1.4220406595161976,3.3286011316534743,0.8135074344481352,4.468305421068373,4.832840243536275
8,0.785516415133127,5.329680975439353,4.845826367771449,5.992339957220724,2.3488718505642616,4.671909209574645,0.9046963891900411,3.615037448560856,3.167811652414722,4.517866719658793,2.622303735813479,7.530891197029289,4.034766038457667,2.6116922557367435,1.41593047852995,6.960008080535805,3.101971657366817,1.596425483771558,3.6833073259847,67.39450458446633,2.8560808080722633,3.3454562638634693,6.012031803479248,5.212089256777031,2.0546509361738234,4.790180133073078,6.231502666735092,3.9531437728452454,4.901573880347524,3.3387658644644698,2.946001637939922,1.2082107863220464,2.0930014508679595,6.42223199002233,5.311379968932885,4.006732760961777,3.02532351544079,3.973925020880992,4.087922255774476,4.234247868811129,4.962494345684725,5.507695132672851,3.2660146486790502,2.517714170279994,3.000574651872338,3.3221382065156657,3.0443461688915057,5.864336155807468,3.4440843573369624,5.171750868392072,2.941321287488057,1.070051705553054,2.811601690535276,3.4135757112373293,3.778390103285411,3.1839136663400196,6.256962203080176,1.1675154481685028,5.984099448923929,5.545230857903675,4.064329099618914,1.6847478913381342,2.0062891326797945,3.965540858642122,2.478386160626745,1.4182512890974537,4.549297598071044,2.401044787241436,4.212564638669052,2.7470859310042517,4.344431662080798,5.3182602857893775,5.1830791012603505,6.6311934050443355,4.781130961210592,2.7875826604428187,4.63103011388552,4.963801422570207,1.473022289839447,3.2990935367603917,0.8819086477443746,4.487300376167361,4.795093668671435
9,0.8790327345023405,5.32471737538961,4.859829201085495,5.890475104401675,2.3904906889941624,4.704943617457563,0.9313511331428158,3.6186723812072112,3.1751217027108307,4.575913939387553,2.60086567294627,7.46024647621393,4.053881873943441,2.649409590184302,1.4426223584442806,6.870917817044789,3.0936725146075883,1.6620157847340136,3.723872216710351,62.64161384435652,2.904466358959567,3.3645349252106147,6.046331484323735,5.179645025732652,2.111769775921142,4.823266563131581,6.202817173918908,3.9894470744586727,4.903001738925064,3.3714344816880253,2.923632708608199,1.2406064800361913,2.1199930314352478,6.382934363965589,5.288670555626708,4.0016224101712226,3.123287690355438,3.981667531449573,4.117354437168776,4.227172964102477,4.918651308227233,5.50582983563715,3.308533920875635,2.539758643807515,3.017906303326853,3.3525282640159295,3.021114364036074,5.924647911349232,3.456984793768019,5.177053331009649,2.9317511735286983,1.1580180775623101,2.8277249510634253,3.4473693547431816,3.783465664805898,3.2027319671938206,6.226479435057008,1.1945863130123298,5.962669706682998,5.579351049264255,4.11560187117185,1.7535044704977483,2.016953753266474,3.9515660195229345,2.498624926295198,1.443285546685887,4.557784483843874,2.4640346189478564,4.277664528425373,2.7529136184859104,4.337797253946714,5.357613132596306,5.195162488830186,6.578313055803996,4.763586029122001,2.80803129093393,4.610995484245721,4.998411103511655,1.5240039201626965,3.269847522670155,0.950309861040614,4.506295331266349,4.757347093806596
10,1.4580899477005,5.319753775339866,4.14716005325317,5.790341870334889,2.432846957059417,4.737978025340482,0.9580058770955905,3.622310968790903,6.23915004730225,4.634706971227941,2.579427610079061,7.390264449420897,4.073088276060051,2.687126924631861,1.46981741027571,5.86538982391357,3.08537337184836,1.7276060856964688,3.7648838554844137,58.22391319914695,2.9536716210847502,3.383722389450428,5.95553016662598,5.147200794688272,1.83300995826721,5.413489818573,6.174131681102725,3.4297399520874,4.9044300134465795,3.404422749523401,2.901263779276475,1.54649996757507,2.1473326984413763,6.343636737908848,5.266058239017762,3.996512059380668,3.221251865270086,3.36681008338928,4.146786618563075,3.63003993034363,4.8751956187039855,5.503964538601448,3.35160673881607,2.561996133213821,3.41404008865356,3.3831963218694163,2.9980598441301516,5.985579943041592,2.30026006698608,5.182361230105224,2.92218105956934,1.2459844495715662,2.8438482115915744,3.481497547835159,3.788548044395468,3.2216614923093747,6.196145173468141,1.2222848626756957,6.22114992141724,5.613681184536695,4.166874642724786,1.8222610496573624,2.027675062657577,4.04328012466431,2.518863691963651,1.4687616963831598,4.5662872022213135,2.5270244506542765,4.3427644181816945,2.758753668864922,4.33116284581263,5.396965979403235,5.207274046576918,4.18847990036011,2.11380004882813,2.8286299246858935,4.590960854605922,5.033262097493835,1.574985550485946,3.2408607705046375,1.0187110743368533,4.525290286365337,4.38781023025513
11,1.0660653732407677,5.314790175290121,4.28235006332397,5.691910818925181,2.475953721017701,4.771012433223399,0.9846606210483652,3.6259532149869838,4.99501991271973,4.38723993301392,2.557989547211852,7.71018981933594,4.092385673892308,2.7248442590794197,1.38873994350433,6.692737290062757,3.07986998558044,1.7931963866589242,3.806347162419213,54.117763898051464,3.0037104813727558,3.4030192770703325,6.39355993270874,4.52992010116577,1.889279961586,5.33137989044189,6.1454461882865425,3.17421007156372,5.03205013275146,4.22444009780884,2.8788948499447518,1.30245995521545,2.36814999580383,6.304339111852108,4.48641014099121,2.77033996582031,3.3192160401847337,2.89877009391785,4.176218799957374,3.29768991470337,3.65630006790161,3.92982006072998,3.3952403089475656,2.5844283284975145,3.73918008804321,3.28733992576599,2.9751812562890394,4.64155006408691,2.85506010055542,5.187674571252678,2.9126109456099813,1.3339508215808222,2.8599714721197236,6.15196990966797,3.793637251212925,4.40478992462158,4.55094003677368,1.0522700548172,6.32819986343384,5.648222555520496,4.2181474142777216,1.8910176288169764,1.65421998500824,3.35391998291016,2.5391024576321035,1.494687538246261,4.574805782739681,2.5900142823606966,4.4078643079380155,3.10976004600525,4.324528437678546,5.4363188262101625,5.219413840174094,4.06639003753662,4.728496164944819,3.06622004508972,4.570926224966124,5.068356087051286,1.6259671808091953,3.16105008125305,1.0871122876330928,4.544285241464325,6.09534978866577
12,1.93620002269745,5.309826575240377,4.45015001296997,5.595153014466789,2.5198242786431386,4.8040468411063175,1.0113153650011397,3.6295991234742,4.03928995132446,3.90638995170593,2.536551484344643,7.61540985107422,4.11177449855793,2.762561593526979,1.60476005077362,7.53185987472534,3.36388993263245,1.8587866876213797,3.848267111813104,50.3011942757594,3.054597062010257,3.4224262120963056,6.48130989074707,4.5378999710083,2.06465005874634,5.0081901550293,6.11676069547036,3.35917997360229,5.15937995910645,4.62139987945557,2.8565259206130285,1.3430990915753336,2.29560995101929,6.265041485795367,4.6168999671936,2.76672005653381,3.417180215099382,4.004985690488925,4.205650981351673,2.38742995262146,4.01131010055542,4.47633981704712,3.439441931535923,2.6070569344544023,3.22075009346008,2.81574988365173,2.952477257952079,4.5265097618103,2.74079990386963,5.192993360031607,3.21737003326416,1.421917193590078,2.8760947326478727,5.54999017715454,3.7987332944293732,3.38339996337891,6.135919279134023,1.2796235697521359,6.31849002838135,5.90405988693237,4.269420185830658,1.9597742079765905,1.56881999969482,3.9828200340271,2.5593412233005566,1.5210710100148574,4.583340254990399,2.653004114067117,4.472964197694337,2.86826992034912,4.317894029544461,5.475671673017091,5.231581935448358,4.24694013595581,4.710951232856229,3.02915000915527,4.550891595326325,5.103694766449879,1.676948811132445,3.183655879035704,1.155513500929332,4.563280196563313,5.94578981399536
13,1.78051996231079,5.304862975190634,4.51547002792358,5.500040013137163,2.56447216332846,4.837081248989236,1.0379701089539144,3.633248697934999,8.79329013824463,3.2627899646759,2.5151134214774338,7.03749990463257,4.131255183217177,2.8002789279745377,1.65082001686096,7.04560995101929,3.060475943570674,1.9243769885838349,3.8906487327472417,46.753782183871614,3.106345724431285,3.441943822113055,6.26610994338989,5.049868101555133,2.3402451349104156,5.09337997436523,6.088075202654177,3.23003005981445,5.44860982894897,3.5053368866723025,2.834156991281305,1.11261999607086,2.1833701133728,6.225743859738626,4.60856008529663,2.87667989730835,3.5151443900140302,4.01278871743903,3.63143992424011,2.48693990707397,4.04297018051147,4.65051984786987,3.48421900188693,2.6298836708070557,2.68021988868713,3.30368995666504,3.31640005111694,4.8665599822998,2.81235003471375,4.67168998718262,2.71114993095398,1.5098835655993341,2.892217993176022,5.269700050354,3.803836183228239,3.33149003982544,6.106026209953796,1.3092938552820415,5.84294986724854,5.89171981811523,4.75323009490967,2.0285307871362046,1.83042001724243,3.48574995994568,3.39172005653381,1.547920189541599,4.591890648620089,1.63391995429993,4.538064087450658,2.48882007598877,4.311259621410377,5.51502451982402,5.243778398379822,6.370975100097111,4.693406300767638,2.55425000190735,4.530856965686526,5.139279841768607,1.7279304414556944,3.3502299785614,1.2239147142255713,4.5822751516623015,5.48807001113892
14,1.92351996898651,5.29989937514089,4.65594005584717,5.406543854635343,2.6099111482598456,4.870115656872154,1.064624852906689,3.6369019420555295,3.39270997047424,3.67424011230469,2.493675358610225,6.68963003158569,4.150828163082526,3.75120997428894,1.76115000247955,5.69039011001587,3.0521768008114454,1.9899672895462905,3.933497109688906,43.456545713673535,3.1589710733703704,3.4615727382843167,6.58151006698608,5.2266697883606,1.45956003665924,4.48230981826782,6.059389709837994,4.24204015731812,5.39099979400635,3.80271005630493,2.8117880619495814,1.33608996868134,2.36029005050659,6.1864462336818855,4.68602991104126,2.69034004211426,3.613108564928678,3.83513998985291,4.24897003173828,3.55768990516663,4.04003000259399,5.06550979614258,3.5295790115836603,2.6529102723355042,3.1060778187608706,3.52160000801086,2.907587710696077,4.23424005508423,3.5222154195187025,4.27548980712891,2.67375993728638,1.5978499376085902,2.908341253704171,4.4931001663208,3.8089459268052837,3.08709001541138,6.076278774303668,1.3396520976957023,6.33588981628418,5.67365980148315,4.7467999458313,2.0972873662958187,1.88065004348755,3.81979990005493,2.599818754637462,1.5752432972653234,4.6004569933306865,1.93535995483398,4.603163977206979,2.38852000236511,4.304625213276293,5.554377366630948,5.256003295102418,4.28332996368408,4.675861368679048,2.14686989784241,4.510822336046727,5.175113030981951,1.778912071778944,3.39091992378235,1.2923159275218108,4.601270106761289,4.87800979614258
15,1.84360003471375,5.294935775091146,5.12796020507813,5.314637053962506,2.656155250665743,5.76281976699829,1.0912795968594637,3.6405588595256475,1.96133995056152,5.64942979812622,2.472237295743016,6.4429497718811,4.170493875428397,3.59472990036011,1.70850002765656,6.78573989868164,3.043877658052217,2.0555575905087458,3.9768173831014804,40.391841625511354,4.33502006530762,3.4813135953732597,6.71312999725342,4.8924298286438,2.454482814405053,5.03323984146118,6.03070421702181,4.42854022979736,6.26878023147583,4.876540184021,2.789419132617858,1.46085000038147,2.44919991493225,6.1471486076251445,5.1544386382160745,2.96556997299194,3.711072739843326,3.71161007881165,5.22878980636597,3.76347994804382,4.66899013519287,5.60612010955811,3.575529549739874,2.676138489009077,2.08925008773804,2.13554000854492,2.74454998970032,6.299769827248186,3.42302989959717,5.21270990371704,2.51668000221252,1.6858163096178462,2.9244645142323202,4.42221021652222,3.814062534368621,2.70378994941711,6.046676262683888,1.3707142484632657,6.37166023254395,5.55022001266479,5.16753005981445,2.1660439454554323,1.98008000850677,4.15451002120972,2.620057520305915,1.603048698727915,4.609039318879528,3.06245994567871,4.6682638669633,2.43949007987976,4.297990805142209,5.593730213437876,5.268256691904256,4.34501981735229,4.658316436590457,2.38088011741638,4.490787706406929,5.2111960640428245,1.8298937021021935,3.22102999687195,1.3607171408180503,4.620265061860277,6.2385401725769
16,1.16563999652863,5.289972175041402,5.23765993118286,5.224292593342211,2.7032187361409656,5.73104000091553,1.1179343408122384,3.6442194540389172,1.97008001804352,6.06396007537842,2.450799232875807,6.72099018096924,4.19025275960092,2.9134309313172144,1.81657004356384,6.46212005615234,3.0355785152929884,2.1211478914712014,4.020614750061148,37.54327094127602,3.81970000267029,3.5011670317630204,6.291971414722621,4.94342994689941,1.89938998222351,5.22833013534546,6.0020187242056275,4.42470979690552,6.42422008514404,5.82882976531982,2.767050203286135,1.44825005531311,2.43336009979248,6.1078509815684034,4.29649019241333,3.965849954637341,3.809036914757974,3.91951990127563,5.85832977294922,3.53393006324768,4.85082006454468,5.74410009384155,3.6220783042697446,2.699570086119396,2.75457000732422,3.11508011817932,2.863380665378887,6.364559799667164,3.61462998390198,6.0271201133728,3.25500988960266,1.7737826816271023,2.9405877747604694,3.83189010620117,3.8191860151387353,2.42231011390686,6.017217969051258,1.4024966289173026,6.31229019165039,6.16359996795654,5.45474004745483,2.2348005246150464,2.23794007301331,4.31272983551025,2.640296285974368,1.6313449071355914,4.617637655079472,3.07873010635376,4.733363756719621,2.69238996505737,4.2913563970081245,5.633083060244805,3.71434998512268,4.7459602355957,4.640771504501866,3.01672005653381,4.470753076767131,5.247530682966089,1.8808753324254428,2.67658996582031,1.4291183541142896,4.639260016959265,6.026939868927
17,1.71984004974365,5.285008574991658,4.95401000976563,5.1354839142780015,2.7511161230474097,5.98883008956909,1.144589084765013,3.64788372929262,3.234212659097064,5.40031003952026,2.429361170008598,6.73353004455566,4.210105257027749,2.951148265764773,1.74953997135162,6.158195709116663,3.02727937253376,2.1867381924336566,4.064894464880375,34.89559119482748,3.38548994064331,3.5211336894773435,5.67212009429932,4.54958009719849,2.07716989517212,5.096319151444176,5.973333231389445,4.43521022796631,6.06335020065308,6.09528017044067,2.7446812739544115,1.4937299489975,2.21923995018005,6.068553355511663,5.08531999588013,5.416259765625,3.9070010896726224,4.044153150311794,6.02651977539063,3.67989993095398,4.84027004241943,5.13632011413574,3.669233063174111,2.7232068444145323,2.42641997337341,3.36866998672485,2.8415298320128772,6.430016104450839,3.69379997253418,6.08424997329712,5.05394983291626,1.8617490536363583,2.9567110352886186,3.89760994911194,4.44089984893799,3.3573381601108028,5.987903190802295,1.4350159388287065,6.1825098991394,5.97280979156494,4.45267009735107,2.3035571037746605,2.14983010292053,4.28096008300781,2.6605350516428206,1.660140585965399,4.626252031798989,2.9679532725992175,4.798463646475941,2.4507999420166,4.284721988874041,5.672435907051733,3.94429993629456,6.170172106699261,4.623226572413276,3.21512007713318,4.450718447127332,5.2841186419126585,1.9318569627486926,3.0450223247637167,1.4975195674105288,4.658254972058253,5.69251012802124
18,1.93554997444153,5.99878978729248,5.1597900390625,5.0481849097460305,2.7998621869927454,5.43633985519409,1.1712438287177878,3.651551688987752,2.11423993110657,5.95213985443115,3.17053008079529,7.09767007827759,4.230051811227927,3.07045006752014,1.95884001255035,6.75367021560669,3.0189802297745314,2.252328493396112,4.109661839738267,32.43463487081911,3.31234002113342,3.541214214201341,5.75346994400024,4.94112014770508,2.2307300567627,5.131520125619626,5.944647738573262,4.34511995315552,4.9158711981492145,3.680218136840315,2.722312344622688,1.68570005893707,2.32255005836487,6.029255729454922,5.0676097869873,3.955629253056232,4.00496526458727,3.78035998344421,4.382244069717468,3.68116998672485,4.89441013336182,5.489042162315836,3.7170017158434767,2.74705056023434,3.178466191165974,4.08185005187988,2.819845745221838,6.496145594493322,4.33933019638062,6.20182991027832,2.8456201478944707,1.9497154256456144,3.55959010124207,3.34882998466492,5.56596994400024,3.3771814744044155,5.958731228756469,1.4682892651814405,6.18442010879517,6.44434976577759,4.53252983093262,2.3723136829342746,2.20418000221252,3.60597991943359,2.680773817311273,1.689444551617719,4.634882478962271,2.90048003196716,4.863563536232262,2.29099988937378,4.278087580739957,5.711788753858662,5.7965202331543,6.120968164671713,4.6056816403246845,2.998952866119119,4.430683817487533,5.320961707274176,4.34774017333984,3.018028617303524,1.5659207807067683,4.677249927157241,4.74074983596802
19,2.4002799987793,5.88711023330688,5.03815984725952,4.962369916520393,2.80335998535156,5.38035011291504,1.13092994689941,3.655223336829032,1.54551994800568,6.14172983169556,2.3864850442741803,6.71474981307983,4.250092867821791,3.48236989974976,2.14805006980896,8.23138999938965,3.010681087015303,1.75434005260468,4.154922245317862,30.147233595494793,3.35313010215759,3.5614092553023786,5.58649015426636,4.855202715288856,2.33804988861084,4.79690980911255,5.19760990142822,4.2811598777771,4.917303221623246,2.31135010719299,2.6999434152909645,1.616394679390266,2.4098137230582717,5.989958103398181,5.28812980651855,3.9505189022656775,4.102929439501918,4.16373014450073,4.411676251111767,5.08172988891602,5.05744981765747,5.4871768652801345,3.7653922543779696,2.7711030456469765,3.01883006095886,3.42856001853943,2.56743001937866,6.5629551931673005,4.40278005599976,6.31548023223877,3.97032999992371,2.0376817976548702,2.988957556344917,3.15364003181458,3.834597789080468,3.39714207123061,5.08760976791382,1.5023340911507428,6.09033012390137,5.932315670690573,4.46765995025635,2.4410702620938887,2.19807004928589,3.64254999160767,2.7010125829797262,1.719265776115592,4.643529026549336,2.69930005073547,4.928663425988583,2.24924993515015,4.271453172605872,6.37237977981567,6.36428022384644,6.072156598718801,6.67914009094238,2.84528994560242,4.410649187847734,5.358061657758309,2.91519999504089,2.991274205377069,1.98713004589081,4.696244882256229,4.15494012832642
20,2.60715007781982,5.64446020126343,5.00896978378296,4.87801370762892,2.899960762088698,5.31063985824585,0.937600016593933,3.52947998046875,1.1910799741745,5.46931982040405,2.3650469814069712,6.48467016220093,4.23046016693115,4.21999979019165,1.91190004348755,6.85975980758667,3.0023819442560744,1.72912001609802,7.34716987609863,8.36909008026123,3.42600989341736,3.58171946585107,5.91093015670776,4.2803201675415,2.7400770131416454,4.82574987411499,5.887276752940895,4.30769014358521,5.07011985778809,2.70777010917664,2.677574485959241,1.6597349868494509,2.19214010238647,5.95066047734144,5.32220983505249,3.945408551475123,4.200893614416566,4.067837248894514,4.441108432506066,4.149349012307312,5.0687198638916,5.38787984848022,3.81441277492449,2.795366128586612,3.45873999595642,2.79101991653442,2.7041699886322,6.630451895048871,4.55202007293701,5.10485982894897,3.35711002349854,2.1256481696641263,3.47065997123718,3.841924828690431,3.8397488551304977,3.417220643779661,5.72619009017944,1.5371683052895055,5.89279985427856,5.78014993667603,4.23264980316162,2.5098268412535027,2.13094997406006,3.53567004203796,2.721251348648179,1.51271998882294,4.65219170459613,3.06743001937866,4.993763315744904,2.55966997146606,4.264818764471788,6.53704977035522,5.29720020294189,6.023734279843586,4.570591776147503,2.57453989982605,3.76807999610901,5.2351598739624,2.084801853718441,2.9647569676620917,2.15950989723206,4.715239837355217,4.12670993804932
21,2.0012285669329035,5.265154174792682,5.36780977249146,4.795091484937238,3.34676003456116,5.4353199005127,1.07149994373322,3.662577711787541,1.61678004264832,5.333484608451803,2.343608918539762,6.43061017990112,4.19338989257813,4.91429996490479,1.94880998134613,5.8018346551526,2.994082801496846,2.59723997116089,4.246943927766959,26.04500059583596,3.79132008552551,3.6021455026423976,6.47351502938721,4.790314253200096,2.7971958528889638,4.83336019515991,5.82120990753174,4.73072004318237,5.2884202003479,1.80812001228333,2.655205556627518,1.69280004501343,2.27172994613647,5.9113628512847,5.73201990127563,7.1314001083374,4.2988577893312145,4.0757627313143745,4.470540613900366,5.16731977462769,5.06440019607544,5.92372989654541,3.864071479031266,2.819841652992348,2.89862990379334,2.71914005279541,2.44220995903015,6.698642766649845,4.68798017501831,5.68926000595093,2.87990999221802,2.2136145416733823,3.44794011116028,2.86532998085022,5.05397987365723,3.437417889338893,6.69696998596191,1.5728102109276576,5.74937009811401,5.54364013671875,4.44054985046387,2.578583420413117,1.97245001792908,3.43179988861084,2.741490114316632,1.7804966843837862,4.6608705431946325,3.18575000762939,3.89024996757507,2.58365988731384,4.258184356337704,6.78119993209839,6.58382987976074,5.9756981040012676,5.882080078125,2.88314008712769,4.370579928568137,4.88935995101929,2.20830011367798,2.938474801641569,1.7711244205954864,4.734234792454205,4.00072002410889
22,1.59786999225616,5.4701099395752,5.36298990249634,4.713578871858866,3.0036379864420266,5.31673002243042,1.01163995265961,3.6662604463328465,1.69714999198914,5.402011187963239,2.322170855672553,6.51913976669312,4.25959014892578,3.1397349380025674,2.03448009490967,5.712744391661585,2.98497009277344,2.5146896972459336,4.88506984710693,24.20821816199587,3.73178005218506,3.6226880262169527,6.510447551820222,5.60830020904541,2.854314692636282,4.77929019927979,5.82990576730853,4.85202980041504,5.1887001991272,1.90453994274139,2.632836627295794,1.68684005737305,1.66982996463776,5.872065225227959,5.38953018188477,5.80205011367798,4.396821964245863,4.083703655175901,4.499972795294664,5.08915996551514,5.04606008529663,5.67812013626099,3.914376675020034,2.844531478948358,6.32966995239258,3.0335099697113,2.55850005149841,6.767534947157558,5.2756199836731,6.12268018722534,2.32178997993469,2.3015809136826384,3.27885007858276,2.85407996177673,4.60377979278564,3.457734509316902,7.03278017044067,1.6092785357894872,5.6950101852417,5.6788501739502,4.5327000617981,2.647339999572731,2.01366996765137,3.41850996017456,2.7617288799850845,1.82588005065918,4.669565572492961,3.32909989356995,4.14254999160767,3.26776003837585,4.251549948203619,5.869200141086376,6.75364017486572,5.928044991900203,4.535501911970322,3.27388000488281,5.45739984512329,5.28604984283447,1.75490999221802,2.5155200958252,1.8395256338917259,4.753229747553193,5.15487003326416
23,1.61749994754791,5.36276006698608,5.30378007888794,4.633451906189252,3.0568583969253034,5.167425327818418,1.03267002105713,3.6699468838804643,3.2792514540664675,5.55226993560791,2.300732792805344,6.88043022155762,4.36351013183594,3.177452272450126,2.07692003250122,5.623654128170569,3.4968900680542,2.580279998208389,4.95777988433838,22.500971901397524,3.6745857487359284,3.6433477008822956,6.5475907806788864,5.22148990631104,2.911433532383601,4.85560989379883,6.48669004440308,4.85234022140503,5.06150007247925,3.863824212224587,2.610467697964071,1.68868005275726,2.57859992980957,5.832767599171218,5.44653987884521,4.18053007125854,4.49478613916051,4.48805999755859,4.529404976688964,4.92795991897583,4.82426977157593,5.43830013275146,3.9653367793761047,2.8694374828252407,4.31538009643555,5.09027004241943,2.39060997962952,10.0969400405884,3.31966996192932,6.17467021942139,1.98900997638702,2.3895472856918945,3.0534505984575135,3.31469011306763,4.45373010635376,3.4781712092679067,5.814989427768319,1.646592441833959,5.50079011917114,5.64629983901978,4.833420672912952,2.716096578732345,1.99576997756958,3.55090999603271,2.7819676456535376,1.483029961586,4.678276822695473,3.23281002044678,5.97797012329102,3.94772005081177,4.2449155400695355,5.908552987893303,5.367317874909378,5.880771888804512,4.517956979881731,3.46387004852295,5.76660013198853,5.4576301574707,2.64759993553162,1.68909001350403,1.9079268471879651,4.772224702652181,5.38802003860474
24,2.56972002983093,5.250263374643451,5.29446983337402,4.554687033061623,3.111021801239658,5.200459735701337,1.22302997112274,3.6736370281537742,3.286818663134766,5.55166006088257,2.2792947299381354,6.64404010772705,4.22355985641479,3.215169606897685,1.99863004684448,5.534563864679553,3.24637007713318,3.00429010391235,4.388811885005443,20.91412648049842,3.60191011428833,3.664125194734438,6.584945918079792,4.692981560066958,2.9685523721309193,4.69891977310181,5.772534781676164,4.86753988265991,4.89905977249146,3.901630335604406,2.5880987686323476,1.81002998352051,2.58169007301331,5.793469973114478,5.28170013427734,3.80160999298096,4.592750314075158,4.77456998825073,4.5588371580832625,5.93695020675659,4.30562496070463,4.58095979690552,4.0169603181565,2.8945615574226293,4.00532007217407,5.14888000488281,2.16526007652283,6.42841005325317,3.65639245040011,5.19013023376465,2.20451998710632,2.4775136577011505,3.0695738589856627,3.07872009277344,4.08681011199951,3.4987286989162594,5.66629981994629,1.684771535323196,5.09010982513428,5.42936992645264,4.04568004608154,2.784853157891959,2.06984996795654,3.46870994567871,2.80220641132199,1.8764560459034165,4.687004324062876,3.14253997802734,6.10957002639771,2.841827267144196,4.238281131935452,5.947905834700232,5.379830781007466,12.0289297103882,5.39357995986938,3.43722009658813,5.87390995025635,5.51744985580444,2.02923011779785,2.42835998535156,2.37338995933533,4.791219657751169,4.98856019973755
25,1.36186003684998,5.39561986923218,5.29721021652222,4.477261098022578,3.1661449079628237,5.233494143584254,1.27118003368378,3.6773308828799025,3.2944033343141244,5.65072011947632,2.2578566670709264,6.2128701210022,4.17113018035889,3.2528869413452437,2.00814008712769,5.445473601188537,2.960886230459932,2.71527004241943,4.437146617563523,19.439190820691554,3.58696007728577,3.6850211796794494,6.6225141729978105,4.660537329022578,3.0256712118782376,5.04542016983032,5.743849288859981,4.85157012939453,4.5940899848938,3.939806378236889,4.29514980316162,1.8945035891954356,2.55896997451782,5.754172347057737,5.24837017059326,3.46019005775452,4.690714488989807,4.68980979919434,5.39190006256104,4.113974488764055,4.267585284831903,5.19976997375488,4.069255928416441,3.96502995491028,3.98644995689392,5.00761985778809,2.5761399269104,7.08858013153076,3.6700881249189115,5.10216999053955,2.07146000862122,2.5654800297104066,3.085697119513812,3.24833989143372,3.96308994293213,3.519407692181085,6.1111102104187,1.7238358771244178,5.4728798866272,5.25567007064819,3.54629993438721,2.853609737051573,2.43543004989624,3.52146005630493,2.8224451769904433,1.909578303127955,4.695748106912332,3.26249003410339,5.31926276452651,2.847855939564982,4.231646723801368,5.987258681507161,5.392372858625234,10.2330503463745,4.48286711570455,3.156377654035402,5.76774978637695,5.53972005844116,1.73810994625092,3.431960105896,2.56679010391235,4.8102146128501575,4.14584016799927
26,1.261549949646,5.27070999145508,5.49995994567871,4.401151340225383,3.2222447217259726,4.85229015350342,1.34349000453949,3.681028451789721,3.3020055079001542,5.18592977523804,2.20775008201599,6.04418992996216,4.20654010772705,3.290604275792803,2.06154990196228,5.356383337697522,2.84834003448486,2.7770509010957554,4.42026996612549,18.068272663246002,3.48897004127502,3.706036331455181,5.83825016021729,4.628093097978198,3.0827900516255564,5.1003999710083,5.7151637960437975,4.70795011520386,4.38083982467651,3.35448002815247,3.48473000526428,1.83336997032166,2.635953842012712,5.714874721000996,5.30120992660522,3.56991004943848,4.788678663904454,4.65490007400513,4.60398006439209,3.28437995910645,4.229881684895587,6.01379013061523,4.122232359654398,2.945471572986952,3.63594007492065,5.40083980560303,2.805419921875,7.050262127718068,3.78981995582581,5.25928020477295,2.769059236219602,2.6534464017196626,2.43536996841431,3.10572004318237,3.48357009887695,3.19866991043091,7.24336004257202,1.763805993250744,5.56155014038086,5.53983020782471,3.43031001091003,3.79282999038696,2.67812991142273,3.34574007987976,2.842683942658896,1.51701998710632,4.704508201617554,3.04924988746643,6.25535011291504,2.853897401253988,4.225012315667283,6.026611528314089,5.40494417577067,9.71360015869141,4.465322183615959,3.40797996520996,4.270406780369144,5.87948989868164,1.50957000255585,2.8105177543448523,3.1028299331665,4.829209567949145,3.33898997306824
27,1.28229999542236,5.06071996688843,5.3761100769043,4.3263353857389895,3.279338548459388,4.57712984085083,1.51364004611969,3.6847297386178566,4.73773002624512,6.11773014068604,2.54804992675781,6.32446002960205,4.16285991668701,2.8232901096344,1.80425000190735,5.267293074206506,2.93091011047363,2.8426412020582106,4.535418901113867,16.794036338483185,3.4487099647522,3.727171329653124,6.07808017730713,4.595648866933819,3.12818002700806,5.20081996917725,5.686478303227615,4.62343978881836,4.37180995941162,3.3066999912262,2.520991980637177,1.83421003818512,2.6699473972817893,5.675577094944256,5.5288200378418,4.14092016220093,4.886642838819102,4.123640951137394,4.64713370226616,3.29657006263733,5.596519947052,5.472254488994523,4.1758984752759565,2.64112997055054,3.37423992156982,3.949644296278188,2.64433002471924,7.122770536965924,4.08302021026611,5.16213989257813,2.7594891222602436,2.7414127737289187,3.11794364057011,3.16531991958618,3.05735993385315,3.52507996559143,6.32600021362305,1.804702885646408,5.89792013168335,5.78807020187378,3.91739010810852,3.65626001358032,2.97745990753174,3.87012004852295,2.862922708327349,1.9775871098721545,4.713284638608926,3.15797996520996,5.449462544039152,2.85995167934246,4.218377907533199,6.065964375121018,5.80219984054565,5.6954193202873515,4.71762990951538,3.11581993103027,4.250372150729345,5.6643267038173315,2.441673265981187,2.7856028979066974,2.181531700372923,5.16433000564575,2.66226005554199
28,2.6558428025173986,4.90948009490967,5.19073009490967,4.252791240970785,3.337444000731078,4.30072021484375,1.4377912682455345,3.6884347471026877,5.40902996063232,6.15111017227173,2.1935424784692996,6.17614984512329,4.22726011276245,3.3660389446879204,1.76417994499207,5.17820281071549,2.71473002433777,2.908231503020666,4.01322984695435,15.609663513215144,3.37546992301941,3.7484268577403825,6.33533000946045,4.52521991729736,3.32829999923706,5.06695985794067,5.657792810411432,4.54472017288208,4.26831007003784,3.18741989135742,2.498623051305454,1.86893999576569,2.704379337237811,5.636279468887515,5.0161600112915,3.68129992485046,4.984607013733751,4.59277009963989,3.94086003303528,4.04757022857666,5.55604982376099,6.60055017471313,4.2302632540767435,2.9972770021167983,2.74737000465393,3.9857746165141332,2.82635998725891,7.21663999557495,4.014319896698,4.57781982421875,2.7499190083008846,2.8293791457381747,3.1340669010982594,3.33823990821838,3.13144993782043,3.17143988609314,5.674715094024135,1.8465480432220422,5.47145986557007,5.86597013473511,4.4258599281311,3.38988995552063,2.230703833216018,3.695206330584611,2.8831614739958016,2.012494481712874,4.722077448373596,3.38753008842468,5.514562433795472,3.65207004547119,4.211743499399115,6.105317221927946,5.51155996322632,8.29189014434814,4.430232319438778,2.75342011451721,4.230337521089546,5.703820737377145,2.492654896304437,5.10365009307861,2.249932913669162,5.29058980941772,4.0401621713746465
29,1.04612004756927,4.74096012115479,5.01816987991333,4.180497286201144,3.3965790031799776,5.3656317751159275,1.4644460121983092,3.692143480986352,4.69012022018433,5.906993753150195,2.1721044156020906,6.09832000732422,4.13967990875244,3.4037562791354796,2.0958839417913433,5.089112547224475,2.64896011352539,2.70525002479553,4.07784986495972,14.508816706407535,3.37627005577087,3.7698036030817743,5.83814001083374,4.6000599861145,3.55177998542786,5.07260990142822,4.83109998703003,4.45639991760254,4.12511014938354,4.096282665136043,2.97409009933472,2.01546001434326,2.7392553153386827,5.596981842830774,4.71301984786987,3.99721002578735,5.082571188648399,4.139725017113017,5.18397998809814,5.64386987686157,5.3671498298645,6.035719871521,4.285335791744646,2.19795989990234,3.06262993812561,4.02223544753597,2.7551600933075,6.20228004455566,3.87238001823425,4.7573299407959,2.740348894341526,2.28201007843018,3.1501901616264085,3.58874011039734,3.51567006111145,3.17635011672974,5.647068926731714,1.8893634531458365,5.534074861864399,6.29986000061035,4.81824016571045,2.97824001312256,2.36382007598877,3.682184168962046,2.903400239664254,2.048018020903564,4.730886661455587,3.47523999214172,5.579662323551793,2.872098793530677,4.20510909126503,6.144670068734874,5.66129016876221,8.22951984405518,4.4126873873501875,2.5024299621582,4.19987010955811,5.743590139708638,2.5436365266276866,2.7364338274854814,2.3183341269654014,4.85255002975464,4.002415596509806
30,1.06737995147705,4.66854000091553,4.95725011825562,4.109432269227904,3.35932993888855,5.398666182998845,1.51911997795105,4.45406007766724,3.95995998382568,5.73963022232056,2.2441999912262,5.9919900894165,4.38824987411499,2.25015997886658,2.1353937082219305,5.000022283733459,3.28710007667542,3.0394121049455767,4.686923283009522,13.485605377842786,3.33924007415771,3.7913022569620636,6.813595009493713,4.49831617380068,3.63358998298645,5.33890008926392,5.600421824779066,4.51393985748291,4.05552005767822,4.136363310458047,2.82583999633789,2.04608011245728,2.46608996391296,5.5576842167740335,4.60056018829346,3.77391004562378,4.25862979888916,4.147790560505909,4.7791600227356,4.078599965220798,4.0823690528073024,5.466658597887418,4.341125302381609,3.0499935934903886,3.03873991966248,4.059029812770529,2.41092991828918,7.344800796398231,3.7393398454877103,4.51048994064331,2.7307787803821677,2.32498002052307,3.1663134221545577,3.83141994476318,3.17034006118774,3.27053999900818,5.619557446477019,2.07436990737915,5.22878980636597,6.31037998199463,5.192330073783504,2.83892011642456,2.51680994033813,3.6692078983339624,2.9236390053327073,2.084168603720013,4.739712308455908,3.56972002983093,5.644762213308114,2.8781916841811808,4.1984746831309465,5.2121901512146,5.48457002639771,5.560248888430326,4.395142455261596,3.273858486093006,3.65412998199463,5.79086017608643,2.5946181569509355,2.712175714951265,2.386735340261641,5.12579011917114,3.9646690216449674
31,2.9363917606250394,4.7863302230835,5.10321998596191,4.0395752991188685,3.49365997314453,5.431700590881764,1.42566001415253,5.42961978912354,3.66894006729126,6.059759356688756,2.27630996704102,6.88430023193359,4.54125022888184,3.479190948030597,2.175648278127688,4.910932020242443,3.22023010253906,3.1050024059080323,4.738541167152263,7.14496994018555,3.57539010047913,3.812923514608312,5.59675979614258,4.4658719427563,3.74235010147095,6.33748006820679,5.571736331962883,4.84130001068115,4.1224799156189,4.1768361304078185,3.78061008453369,1.93432998657227,2.8103623652849428,5.87939977645874,4.78267002105713,3.74353003501892,5.2784995384776945,4.1558718182252266,4.38306999206543,4.071525060512147,4.046301815883762,6.57067012786865,4.3976411200452254,1.99845004081726,3.48924994468689,4.096160763302162,2.91558003425598,7.420338388099323,3.753346214370072,4.30316019058228,2.721208666422809,2.54800009727478,3.182436682682707,3.92030000686646,3.50989007949829,3.646073742007645,5.592179997089597,2.30833005905151,5.16165018081665,6.37321996688843,5.24360284533644,2.98794007301331,2.56676006317139,3.6562773569773346,2.9438777710011603,2.120957298420552,3.89144992828369,4.07133007049561,5.77945995330811,2.8842975003329117,4.191840274996863,5.4438099861145,5.468241745811514,5.515908769672859,4.377597523173006,3.08859992027283,4.1702336321701505,6.02747011184692,2.645599787274185,2.6881326472749993,2.47907996177673,5.73734998703003,2.74057006835938
32,3.029908079994253,4.68387985229492,5.2969799041748,6.05797004699707,3.8058500289917,5.464734998764682,1.63177001476288,5.26045989990234,3.74768996238709,6.84061002731323,2.1077902270004634,6.77093982696533,4.519432965172269,3.516908282478156,1.65455996990204,6.78113985061646,2.75099992752075,3.1705927068704876,4.790727527841876,11.650574802777667,3.78029990196228,3.75176000595093,6.891562260212096,4.05067014694214,3.83716011047363,6.52050018310547,5.5430508391467,4.73539018630981,4.3344898223877,4.217704962272342,1.16983997821808,2.2799996968723315,2.82820010185242,6.07956981658936,5.0056300163269,3.64046001434326,5.376463713392343,4.163968820887634,3.33665990829468,4.064450155803495,4.010553228637034,6.07590007781982,4.454892700310404,2.30386996269226,3.57788991928101,14.1988296508789,2.533081693768133,7.49665284603793,3.7674050466222724,5.3005217816505406,2.7116385524634503,3.00501990318298,3.198559943210856,4.31409978866577,3.902104035699214,3.6676236079281987,5.11143016815186,2.24298000335693,5.4697856351416085,6.63613986968994,5.294875616889376,3.12258005142212,2.54967999458313,3.643392383739061,2.964116536669613,2.1583953686348347,4.1879301071167,4.33747005462646,5.14462995529175,2.8904162694061184,5.35694980621338,5.25850009918213,5.480989937195305,5.471922240506591,5.67513990402222,3.04540991783142,4.150199002530352,5.75488996505737,2.696581417597435,2.6643027181133583,2.41153001785278,4.943179298543074,2.09159994125366
33,3.1234243993634663,5.50633001327515,5.2519998550415,3.903403705371081,3.6437842424167877,5.37231016159058,1.69262003898621,4.95048999786377,4.29403018951416,6.216475756622193,2.0863521641332543,7.70425987243652,4.94043016433716,2.38371992111206,1.65785002708435,6.50304985046387,2.8944930883861035,3.2361830078329428,4.843488625807364,7.07476997375488,4.09555006027222,4.1586799621582,7.77281999588013,4.19770002365112,4.2448902130127,7.48716020584106,5.514365346330517,5.42959022521973,4.9373954071094115,4.25897368088507,2.3867784046468365,2.3411332115573527,2.883315249945385,5.91958999633789,5.11556005477905,4.31462001800537,5.14158010482788,4.73389005661011,3.21403002738953,4.057375251094844,3.42903995513916,6.02915000915527,4.512889621851368,3.1308120428443567,3.69697999954224,4.171444764402023,2.513751415170441,8.57703018188477,3.7815165387552847,4.82496976852417,1.7754499912262,3.269211005784455,3.214683203739005,4.36683179352804,3.9073457837853396,3.68930084283634,4.65463018417358,2.06511998176575,4.75660991668701,7.67664003372192,5.3461483884423115,3.50821995735168,2.38644003868103,3.630552818033953,2.9843553023380656,2.1964942768124343,4.1827597618103,4.84095001220703,5.99928998947144,2.8965480188792205,4.44960021972656,5.50703001022339,5.493767848622778,5.428286481236794,4.3425076589958245,3.3464355762887386,4.130164372890553,5.98376989364624,3.36546993255615,2.6406840380224894,2.591938980150359,5.88602018356323,1.94208002090454
34,3.21694071873268,5.24494981765747,5.223359812342976,3.837049051466337,4.565269947052,5.41103982925415,1.5977197319621825,4.1706600189209,3.363457849486886,6.296347332428753,2.0649141012660457,6.68001985549927,4.90476989746094,2.51182007789612,1.98571002483368,4.78869009017944,2.886193945626875,3.3017733087953984,4.896830790728204,5.61948013305664,4.15996980667114,4.64996004104614,7.47105979919434,4.58375978469849,4.48468017578125,6.85706996917725,5.485679853514334,5.62643003463745,4.850830078125,4.300646198993299,2.3644094753151133,2.4039058960294883,2.920498805569542,5.83488988876343,5.18871021270752,3.87386364040736,4.75557994842529,4.43331003189087,4.06418991088867,4.050300346386193,3.63566994667053,5.9240198135376,5.58819007873535,3.158224647504898,3.01831007003784,4.209604057715202,3.10853004455566,7.02543020248413,3.7956808880161494,5.3113963297103615,2.692498324544733,3.64708995819092,3.2308064642671543,4.410062461122349,3.9125945731811655,3.7111061995376367,4.70528984069824,2.26538991928101,4.66324996948242,7.83043003082275,5.92605018615723,3.4444899559021,2.58930993080139,3.47054004669189,3.0045940680065186,2.2352656877323107,4.775179849660866,4.67129993438721,6.34382009506226,2.9026927762889296,3.71250009536743,6.341434302769517,5.14028978347778,9.02171039581299,4.324962726907233,3.4052300453186,3.43180990219116,6.17646980285645,3.42482995986938,2.6172747343082015,2.27171993255615,5.29777002334595,1.79351997375488
35,3.3104570381018936,5.13413000106812,5.42834997177124,3.33736991882324,5.01511001586914,2.98866009712219,1.6243744759149572,2.37207007408142,3.3712193734492875,6.377245127731951,2.0434760383988366,6.32445001602173,4.9087700843811,2.56469988822937,1.84192001819611,4.3014497756958,2.8778948028676465,3.3673636097578536,3.35272002220154,9.355407541620728,3.74123001098633,4.51754999160767,7.47103977203369,4.60400009155273,4.43462991714478,6.80990982055664,5.456994360698151,5.79072999954224,4.83926010131836,4.342726467629143,2.55356001853943,2.4683617012639907,2.958161884481651,4.84748983383179,4.87162017822266,4.08180999755859,4.78062009811401,4.31864976882935,3.38908004760742,4.043225441677541,3.40211009979248,5.457332112708911,6.15642976760864,2.57641005516052,2.93543004989624,4.248112422333025,2.95760011672974,8.64097023010254,3.65909004211426,4.73480987548828,2.6829282105853745,3.69255995750427,3.2469297247953035,4.453721102751157,3.9178504133453766,4.00885009765625,4.3425498008728,2.32975006103516,4.57887983322144,7.69568014144897,5.74212980270386,3.41325998306274,2.79531002044678,3.94780993461609,3.0248328336749717,2.66399002075195,4.33025979995728,4.61330986022949,5.69247007369995,2.9088505692303754,4.29757976531982,6.14813995361328,5.6531400680542,7.70369005203247,4.307417794818643,3.14497995376587,3.55854988098145,6.42975997924805,2.2511100769043,2.594072950877483,2.521399974823,5.000164163840037,1.83852994441986
36,3.73198008537292,5.23099994659424,5.25990009307861,3.51256990432739,4.08324003219604,3.04947996139526,1.6510292198677319,2.23007988929749,3.378998807924297,6.4591823277787865,2.0220379755316276,5.7841141926985395,4.91729021072388,2.79625010490417,1.85338997840881,2.72476005554199,2.869595660108418,3.4329539107203093,3.89071989059448,8.695632235775218,4.5714561931750195,4.24490976333618,7.8849401473999,4.67156982421875,4.45745992660522,6.85898017883301,5.428308867881968,5.75672006607056,4.37116003036499,4.385218476484138,2.56627988815308,2.5345457566913523,2.72831010818481,4.33475017547607,4.75392007827759,3.53776001930237,5.21834993362427,4.44763994216919,3.67773008346558,7.475989818573,3.870689443557895,5.455466815673209,4.90260982513428,3.2137720120264066,3.5256669498728614,5.85961008071899,3.34360003471375,7.809840371385166,3.47681999206543,5.322293187988001,2.673358096626016,3.533110121812223,3.2630529853234527,4.497811955262616,3.9231133137493637,5.38125991821289,4.91384983062744,2.14418005943298,4.49419021606445,7.1380500793457,6.38371992111206,3.18452000617981,2.81057000160217,4.09431982040405,3.11879992485046,2.94356989860535,6.25738000869751,5.065110206604,4.94374990463257,2.9150214253572253,4.12440013885498,6.83862018585205,4.93815994262695,7.77922010421753,4.41243982315063,3.49960994720459,3.24876999855042,6.2878098487854,2.9005079388904327,2.571076848091334,2.86986994743347,5.04734992980957,3.7381895724559304
37,3.4974896768403205,5.18573657399678,5.268772126254914,3.6446765645314634,3.9089812404935724,5.629907038179272,1.95246994495392,3.7219479167137957,3.3867961942422586,6.542172287225182,2.0005999126644185,5.729855390968866,4.627512644997793,3.01245999336243,2.433621641382908,2.61811995506287,2.8612965173491895,3.4985442116827645,5.060408034279992,8.082386538850216,4.648902330426734,3.9452651747086196,7.090405999469633,4.271206556490022,3.7110972888460596,5.8485068112130865,5.399623375065785,5.0059395196346275,4.943151095933464,4.428126254287511,2.2973026873199434,2.6025044017951657,3.034951427862697,5.282600834376848,4.690752563430268,3.858532588035697,5.866284587965583,4.204691084111471,4.37953996658325,6.36451005935669,3.8364923703848453,5.453601518637507,4.752526693065122,3.2419109933607038,3.54603159258614,5.5826301574707,2.4378942057492674,11.3640098571777,3.838493062135233,5.327749997758474,1.53846001625061,3.6210764938214792,3.279176245851602,4.54233929744874,3.9283832838772397,3.777298595355124,4.62037992477417,2.269628104701661,5.362636923936958,7.30343008041382,6.15721988677979,3.3568000793457,3.02230000495911,3.84711003303528,3.065310365011877,3.07756996154785,4.801954569670995,4.22774990672762,4.37707996368408,2.9212053723818134,4.1223201751709,6.459492843190302,5.5451780829300965,5.257195532468714,4.272327930641461,4.57718992233276,3.3252100944519,6.67902994155884,2.951489569213682,2.548284602618901,2.8655438333353165,5.0381540740380135,3.700442997591091
38,4.03986978530884,5.180772973947036,6.10374021530151,3.38001990318298,3.978243111308079,5.662941446062191,1.704338707773281,2.73942995071411,5.25395011901855,6.626228532312608,1.9791618497972097,5.49377012252808,4.74490022659302,3.34015011787415,1.84432995319366,2.43498992919922,2.852997374589961,3.92644000053406,5.116139169580491,6.20873022079468,4.72766050128913,3.58012008666992,8.10674953460693,4.238762325445642,4.28785991668701,5.888903248545336,5.52470016479492,5.68792009353638,4.21070003509521,4.471453869188144,2.2749337579882196,2.89256000518799,3.0740905005800094,4.40864992141724,4.28753995895386,3.8534222372451423,6.78387022018433,4.45031023025513,4.970887697603452,4.022000727551587,3.29797005653381,5.451736221601806,4.91963005065918,4.02056980133057,3.36813998222351,4.365764022471374,3.05141997337341,7.971307006169225,3.852870827195964,5.11554002761841,1.58879005908966,3.36528992652893,2.64959001541138,4.18472003936768,3.933660333225859,3.7996240566681956,5.404236264750221,2.322253357553358,4.54056978225708,7.36077976226807,5.602512246206992,4.13832998275757,2.352155936521781,3.5670305215267777,3.27817988395691,3.69745993614197,4.94200992584229,4.29073973843404,8.28131008148193,2.927402438075263,4.145399418058274,7.06125020980835,5.558105637113768,5.99207019805908,3.98424005508423,4.62569999694824,2.43892002105713,6.114227614090433,0.0,2.5256944072929124,2.24337005615234,5.057149029137001,2.11823010444641
39,4.52167987823486,5.175809373897292,6.11233997344971,4.21214008331299,3.41744995117188,5.695975853945109,2.13281989097595,3.7294365427246206,4.9320502281189,6.711364763072683,1.69001996517181,5.53079986572266,4.74921989440918,3.72921991348267,1.88803994655609,2.68529009819031,2.8446982318307326,4.44080018997192,5.39436006546021,6.75523996353149,4.7720799446106,3.66753005981445,7.93115997314453,4.206318094401263,4.2604398727417,5.86992979049683,5.16864013671875,5.078546122861481,3.98918008804321,4.11037015914917,1.56512999534607,3.02772998809814,3.113734315152202,4.56704998016357,4.13379001617432,4.22040987014771,6.43401002883911,4.51084995269775,5.00031987899775,4.94416999816895,3.37812995910645,5.32323980331421,4.0852198600769,3.32266998291016,3.3692901134491,4.405700897889521,2.400828393689457,12.4993495941162,3.8673024467576123,5.14016008377075,2.40500998497009,3.53536009788513,2.23183989524841,4.632720778227845,3.9397599697113,4.99490976333618,5.68678998947144,2.56853008270264,4.50699996948242,6.96647977828979,6.6362099647522,4.03593015670776,2.61149001121521,4.56723022460938,3.44133996963501,2.4396331691207647,4.59181976318359,5.0468602180481,7.07226991653442,2.9336126502676105,4.1072998046875,6.84873008728027,5.09095001220703,5.26100015640259,4.18571996688843,4.83267021179199,2.75611996650696,6.27098989486694,2.88099002838135,2.5033044709663868,3.002346259927795,5.29117012023926,1.77495002746582
40,4.58030986785889,4.88731002807617,5.58880996704102,3.85399007797241,2.64547991752625,5.729010261828027,2.12508010864258,3.7331865040554657,3.70590996742249,6.797594855560087,1.61265003681183,5.42331981658936,4.64836978912354,3.77583003044128,2.5738619192811703,2.40031003952026,1.70284998416901,3.5112099647522,4.66695022583008,7.70481014251709,4.98954010009766,3.64034008979797,8.08434009552002,4.173873863356883,4.16604995727539,5.70930004119873,5.87773990631104,5.114849424474908,4.0231499671936,4.559385082293046,1.46587002277374,3.23019003868103,3.153889380786632,4.86840009689331,4.13225984573364,4.03064012527466,6.4314398765564,4.29107999801636,4.98346996307373,4.0078509181342845,3.46011996269226,5.1867299079895,3.50838994979858,4.74038982391357,3.6078340129780533,4.446003105471744,2.3825073573685835,10.0915498733521,3.881788122541885,5.344154018377176,2.4386899471283,3.99243998527527,2.97156000137329,4.678583687881851,3.76910996437073,5.24797010421753,5.9716100692749,2.5650200843811,4.58512020111084,6.46726989746094,5.705057789312863,3.20023989677429,1.83782005310059,4.75968980789185,3.22802996635437,3.16440010070801,4.9839301109314,5.16384983062744,5.90982007980347,3.32130002975464,3.86468005180359,6.740149974823,5.50848007202148,5.132425546183533,3.92090010643005,5.25345993041992,2.75565004348755,6.20196008682251,2.51688003540039,2.461669921875,2.42254996299744,4.90881013870239,1.78819000720978
41,4.833740234375,5.1658821737978045,5.57547998428345,3.50342011451721,2.90390992164612,5.762044669710946,2.17193007469177,3.38423991203308,3.418166087893245,6.884932864114173,1.9148476611955827,4.95303010940552,4.81137990951538,3.8563642925061856,2.6223821074593694,2.44477009773254,2.29733991622925,3.70867991447449,4.83202981948853,8.3580904006958,5.11552000045776,3.73283004760742,8.21545028686523,4.141429632312503,4.1112699508667,5.84025001525879,5.6431097984314,5.151152726088335,4.10855007171631,5.35444021224976,1.15810000896454,3.36457991600037,3.90370011329651,4.9310097694397,4.08749008178711,4.07168006896973,6.70592021942139,4.65009021759033,5.38103008270264,4.000776013425633,3.40082001686096,5.20621013641357,3.85418009757996,4.42154979705811,3.628673261746505,6.5858302116394,2.364326131278526,9.36505031585693,3.53973007202148,5.349633241492544,2.707200050354,4.24104022979736,2.65844988822937,4.724900630183759,3.11486005783081,4.50897979736328,7.48446989059448,2.27981996536255,4.69964981079102,6.83062982559204,6.56049013137817,4.02031993865967,2.3898649995619237,4.10587978363037,3.03712010383606,2.92463994026184,5.31902980804443,5.33713006973267,7.71887016296387,3.54249000549316,3.93569993972778,6.61764001846313,4.83824014663696,5.091497098051441,3.76704001426697,4.81787014007568,3.06528997421265,6.20184993743896,2.63461995124817,2.4591182899744055,2.80096006393433,4.63617992401123,3.549456698131733
42,4.01734018325806,5.16091857374806,5.52213001251221,3.15445995330811,3.00493001937866,5.795079077593864,2.01714992523193,3.38608002662659,3.426053856726947,6.973393023649641,1.5195699930191,4.99308013916016,5.16421985626221,4.08121013641357,2.6718169556833202,2.81048011779785,2.819800803553047,4.26812982559204,5.15044021606445,9.57116985321045,5.58166980743408,3.95878005027771,8.2130298614502,4.108985401268124,4.13457012176514,6.01677989959717,6.27586984634399,5.187456027701762,4.6285400390625,4.649045464134627,1.44291996955872,3.42430996894836,4.01554012298584,5.17923021316528,4.10487985610962,4.48487997055054,7.29892015457153,4.43240976333618,5.37522983551025,3.993701108716982,3.40898990631104,6.17199993133545,4.44545984268188,3.92051005363464,3.6496328803234555,6.551109790802,2.346283648509078,10.1004495620728,3.910922453445868,5.355118082313884,2.23179006576538,4.45495986938477,2.8962299823761,4.14305019378662,3.06089997291565,3.8902532548948305,7.65792989730835,2.40134000778198,4.80590009689331,7.43729019165039,6.40699005126953,4.32506990432739,2.402568554128693,4.19163990020752,2.82056999206543,2.89222002029419,5.38735008239746,5.25871992111206,7.63688993453979,3.87853002548218,4.24539995193481,6.92434978485107,4.44086980819702,5.19332981109619,3.48744988441467,3.86491990089417,3.54300999641418,5.79006004333496,2.72806000709534,2.4373185418445686,2.32220005989075,4.54569005966187,3.5117101232668935
43,3.53504991531372,5.155954973698316,5.36183023452759,3.2861499786377,4.343401584659444,5.828113485476782,2.06939005851746,3.99845004081726,3.4339598273962455,7.062989751976627,1.53980004787445,5.414825677880308,5.36935997009277,3.96345996856689,2.7221837063222445,2.86437010765076,2.82259011268616,4.32513999938965,5.13373994827271,9.9408597946167,6.6702299118042,4.11728000640869,8.12193012237549,4.94563007354736,4.1734299659729,6.16743993759155,5.227510418168688,5.22375932931519,4.80573987960815,4.694534693654793,1.36337995529175,3.42933988571167,4.28529977798462,5.79115009307861,4.20493984222412,4.36322021484375,7.24507999420166,4.54179000854492,4.25684976577759,3.9866262040083305,3.46662998199463,6.49426984786987,4.47541999816895,3.79099011421204,3.6707135639782456,4.569135293977139,2.3283788502917644,13.2195701599121,3.925571515798244,5.360608546600886,2.61094999313354,5.07257986068726,3.80559992790222,4.818914636519656,4.41583013534546,3.21566009521484,7.50288009643555,1.93705999851227,5.0404200553894,7.41635990142822,6.43753004074097,3.89699006080627,2.4153396356472614,4.16870021820068,2.93779993057251,2.93517994880676,5.32449007034302,5.28152990341187,7.10509014129639,3.98194003105164,4.20956993103027,6.79142999649048,5.81677007675171,5.37492990493774,3.32609009742737,3.72561001777649,3.13660001754761,6.81675004959106,2.85131001472473,2.4157120455076457,2.0682098865509,4.35209989547729,3.4739635484020543
44,3.48652005195618,5.150991373648573,5.30243015289307,3.44770002365112,3.74496006965637,5.8611478933597,1.94014000892639,2.31995010375977,3.441884041903743,7.153737652150613,1.6245299577713,5.364031045708674,5.29307985305786,3.53838992118835,2.773499926783392,2.91176009178162,2.79530000686646,4.07934999465942,4.89062976837158,10.2682304382324,6.11772012710571,3.99238991737366,8.2076301574707,4.67072010040283,4.15785980224609,6.15757989883423,6.20915985107422,5.260062630928616,4.72940015792847,7.53558015823364,0.622470021247864,3.66719007492065,4.5589599609375,5.32658004760742,4.48296022415161,4.29662990570068,7.16118001937866,4.38520002365112,3.91254997253418,3.9795512992996787,3.42611002922058,6.79692983627319,4.62243986129761,3.9713499546051,3.6919160119961716,5.53506994247437,2.3106106859377125,11.1090097427368,3.9402754488442615,5.366104640119143,2.81261992454529,4.72670984268188,3.85922002792358,4.43492984771729,4.31306982040405,3.936375297836808,5.92389011383057,2.6646427562971686,5.06297016143799,7.2982702255249,6.51203012466431,4.02835988998413,1.76759004592896,3.5786600112915,2.95787000656128,2.46983003616333,5.35557985305786,5.04638004302979,6.2774600982666,3.65276002883911,4.10157012939453,6.66310977935791,5.40160989761353,4.970659663116504,3.10963010787964,4.03088998794556,3.909783446852768,6.72078990936279,2.98998999595642,4.95237016677856,2.49954009056091,4.50897979736328,2.46342992782593
45,3.86000990867615,4.89851999282837,5.24937009811401,2.97462010383606,3.632159948349,5.79585981369019,1.8909219154427037,4.10879993438721,3.4498265423489674,10.6785898208618,1.65222001075745,4.76588010787964,5.05740022659302,3.26283001899719,2.39000010490417,2.91944003105164,2.65651988983154,4.02098989486694,5.523826654490407,10.5577802658081,6.28667020797729,3.86591005325317,8.08557033538818,4.79442977905273,4.14432001113892,6.02507019042969,5.16705989837646,5.296365932542043,4.92918014526367,7.42208003997803,0.691879987716675,3.96395993232727,4.13463020324707,5.31888008117676,4.51898002624512,4.05650997161865,7.33843994140625,4.23829984664917,4.61641979217529,4.92000007629395,3.31493997573853,7.3356499671936,4.87383985519409,3.83144998550415,3.71324092770168,4.73833990097046,2.25999999046326,12.0796604156494,3.9550344581119594,5.371606368640162,3.3096399307251,4.84568977355957,3.52218008041382,4.91479929243723,4.07819986343384,3.9596409709645966,5.222609004080932,2.726427107010438,5.10939979553223,6.86506986618042,6.27896022796631,3.51721000671387,2.04972004890442,3.4799621306689805,2.83903002738953,2.32806992530823,5.42574977874756,5.07394981384277,5.43092012405396,3.19596004486084,3.75995993614197,6.5064001083374,6.48462009429932,4.9310212145168135,3.15978002548218,3.93859004974365,3.8897488172129693,6.4515700340271,3.3593426117996783,2.90000009536743,2.71475005149841,4.52449989318848,1.73553001880646
46,4.12821006774902,4.74065017700195,5.22652006149292,2.55552005767822,4.578394224797031,5.9272167091255366,2.13128995895386,3.90346002578735,3.4577873709285956,7.338746320799449,1.41506004333496,5.2638667729429205,4.81757020950317,3.02152991294861,2.44000005722046,2.8199999332428,2.53991007804871,3.91671991348267,4.61613988876343,9.05716991424561,6.3302698135376,4.1955099105835,7.72990989685059,4.00178003311157,4.1848201751709,5.92838001251221,5.6553201675415,5.33266923415547,4.97325992584229,5.25982999801636,0.751630008220673,3.3022770247561204,3.84278988838196,5.28811979293823,4.54742002487183,4.28998994827271,7.19521999359131,4.52545022964478,5.206345148757845,4.65999984741211,3.27667999267578,7.04983997344971,5.54986000061035,4.05927991867065,3.734689018481693,3.75997996330261,2.32999992370605,11.2712802886963,3.969848749899214,5.377113737941364,2.83097004890442,4.69992017745972,3.4242855906049443,4.963454716907437,3.69751000404358,3.9830441542394452,4.48576021194458,2.55852007865906,5.04402017593384,6.3827600479126,5.95276021957397,3.85933995246887,2.39550995826721,3.467698504432227,2.65281009674072,2.42579007148743,5.20765018463135,4.90767002105713,5.89117002487183,2.85911989212036,3.70770001411438,6.36429023742676,6.55475997924805,4.77012014389038,3.43500995635986,4.05038022994995,3.869714187573171,6.43879985809326,2.72806000709534,2.50999999046326,2.88025999069214,4.52651977539063,3.360723823807536
47,4.46260023117065,4.65621995925903,5.14690017700195,2.5492799282074,4.6595171900471115,5.960251117008455,2.20221996307373,3.68264007568359,3.4657665699366778,8.85149002075195,1.31332004070282,4.7664098739624,4.55798006057739,3.21378993988037,2.70000004768372,3.01613998413086,2.87815999984741,4.08301019668579,4.6345100402832,11.8682098388672,6.28082990646362,3.84717988967896,7.61560010910034,3.68460988998413,4.25404977798462,5.67125988006592,5.89472007751465,5.368972535768897,4.90883016586304,5.51986980438232,0.816860020160675,3.3908208088907728,3.45455002784729,5.13345003128052,4.71541023254395,4.59680986404419,6.9443302154541,4.10503005981445,5.49022006988525,5.03999996185303,3.27934002876282,5.4349485482804925,6.46700000762939,4.1938099861145,3.756260995809082,2.57999992370605,2.25999999046326,8.740227548591553,3.984718531276632,5.382626753806097,2.90274000167847,4.69050979614258,3.4404088511330935,5.94750022888184,3.18540000915527,4.006585660405538,4.37253999710083,3.01462006568909,4.88682985305786,6.53439998626709,5.91965007781982,4.366254478563082,2.63527011871338,3.4554780960590086,2.62940001487732,2.48517990112305,4.86874008178711,4.92147016525269,6.751460339165572,2.9467499256134,3.52321004867554,6.17158985137939,5.675818309420219,4.852690085198957,3.51062989234924,3.60314989089966,3.849679557933372,6.46451997756958,3.461305872446177,2.33999991416931,3.54955596629771,4.4466700553894,1.24075996875763
48,4.84440994262695,4.63278007507324,5.26395988464355,2.44092988967896,5.19290018081665,6.33294010162354,2.0545699596405,4.2223801612854,3.4737641817648615,7.528539650158471,1.29000997543335,4.62612009048462,4.73192977905273,3.79242992401123,3.63000011444092,3.09853005409241,2.49827003479004,3.9387800693512,4.88697004318237,14.0590801239014,6.72276020050049,3.7271900177002,7.47604990005493,3.76082992553711,4.52805995941162,5.83010005950928,4.25357007980347,5.405275837382324,4.88497018814087,5.75795984268188,2.18129992485046,3.481738712958462,3.26062989234924,4.96611022949219,5.45828008651733,3.91375994682312,7.03601980209351,4.38794994354248,6.19131994247437,3.67000007629395,3.27241992950439,5.433083251244791,5.91318988800049,3.568184797728327,3.7779575752662637,2.76999998092651,1.98000001907349,12.3295202255249,3.9996440100904356,5.34215021133423,2.55433988571167,4.82006978988647,3.403559923172,5.50121021270752,3.06307005882263,4.030266307010728,3.95851993560791,2.72311997413635,5.02904987335205,6.2852201461792,5.51144981384277,4.435011057722696,2.74622988700867,3.50229001045227,2.8677499294281,2.58282995223999,5.04239988327026,4.69609022140503,5.13781023025513,2.76460003852844,3.52165007591248,6.34455013275146,6.61812019348145,4.8139923831736695,3.2853000164032,3.50850009918213,3.8296449282935736,6.27157020568848,3.5122875027694267,1.96000003814697,3.617957179593949,4.37424993515015,1.0997200012207
49,5.53105020523071,5.08451986312866,5.73024988174438,3.22430992126465,6.17194986343384,6.45809984207153,1.9394199848175,4.27429008483887,3.481780248902618,9.63292026519775,1.25458002090454,4.84057998657227,4.89041996002197,4.23064994812012,3.75,3.1739399433136,2.90790009498596,4.77651977539063,6.01030015945435,13.1248598098755,7.2054500579834,4.1460599899292,8.44888019561768,3.8818757839574665,4.91200017929077,6.45955991744995,4.49847984313965,5.441579138995751,5.04631996154785,5.31744003295898,1.90813994407654,3.5750943941149282,4.39212989807129,4.94466018676758,6.15610980987549,3.84244990348816,7.18984985351563,4.52371978759766,6.19848012924194,3.58999991416931,3.4489465882111565,5.43121795420909,6.23267984390259,3.5994269284846068,2.86999988555908,3.57999992370605,2.05590009689331,8.920929722055781,4.0146253949653765,5.26064014434814,2.82512998580933,5.18794012069702,3.86904001235962,5.07039022445679,3.04731011390686,4.054086916434931,5.97418022155762,3.33588004112244,5.43156003952026,7.10337018966675,6.28816986083984,4.18773984909058,2.59078001976013,3.4311663242289963,3.13994002342224,2.53777003288269,4.98976993560791,5.56314992904663,6.881660118678214,3.01012992858887,4.00641012191772,6.74971008300781,6.47135019302368,4.7756032753746265,3.86788010597229,3.86193990707397,3.8096102986537748,6.528480052948,3.563269133092676,1.64999997615814,3.6863583928901886,4.76118993759155,2.94000005722046
50,5.01971006393433,5.54303979873657,5.70047998428345,2.78062009811401,6.77524995803833,6.44259023666382,2.024195635206577,3.85796999931335,2.04661011695862,7.723241380257154,1.11760997772217,5.356369972229,4.76562976837158,4.16208982467651,3.75,3.24651002883911,2.84803009033203,4.83382987976074,6.56574010848999,12.8373098373413,6.542799949646,4.03350019454956,8.55955028533936,3.54264998435974,4.85608005523682,6.50444984436035,4.82435989379883,5.65859603881836,5.66824007034302,5.54059982299805,2.56322002410889,4.10563135147095,3.51003003120422,4.72175979614258,6.05136013031006,3.70918011665344,6.9442400932312,4.33411979675293,6.37060022354126,3.09999990463257,3.59951996803284,4.81548976898193,5.81883001327515,3.63094260749848,2.83999991416931,3.5699999332428,1.71774005889893,9.012677009098507,5.28915452957153,5.399199738703917,2.75,5.15922021865845,3.34388995170593,6.25004005432129,3.55147004127502,3.53979992866516,4.96645021438599,2.7219500541687,5.48908996582031,6.74633979797363,7.00039005279541,4.79630279541016,2.28687000274658,3.4190746577750315,2.86730003356934,2.30999994277954,5.0630202293396,5.41248989105225,6.946760008434534,3.08044004440308,4.06091022491455,6.52268981933594,6.11837005615234,3.548259973526,4.09635019302368,3.5084400177002,3.789575669013976,5.96303987503052,3.7870135307312,1.72739994525909,3.754759606186428,5.13497018814087,3.70000004768372
51,5.29062986373901,5.06995010375977,5.59226989746094,2.43564009666443,6.31925010681152,6.43199014663696,2.13269996643066,3.5469799041748,3.32209992408752,7.822472437133462,1.10792005062103,5.26205015182495,4.815269947052,4.04518985748291,3.52196002006531,2.86576008796692,2.65336990356445,4.46608018875122,6.37988996505737,2.9032066903443354,6.53853988647461,4.24209022521973,8.48486042022705,3.34430003166199,4.8969202041626,6.44504976272583,4.17305994033813,5.48298311233521,5.55959987640381,8.14097023010254,2.50116991996765,4.43512725830078,3.41822004318237,4.56132984161377,5.82904005050659,3.48497009277344,6.78997993469238,4.11568021774292,6.26664018630981,3.40000009536743,3.60527992248535,4.70012998580933,6.79061985015869,3.662734229889852,3.8438021443833525,3.42000007629395,1.80860996246338,8.16510009765625,5.1235294342041,5.404735398774915,2.38168001174927,5.10564994812012,3.75423002243042,7.69612979888916,3.33207011222839,4.1526198387146,5.76293992996216,3.07762002944946,5.46303987503052,6.4545202255249,6.93969011306763,4.45972633361816,2.22175002098084,3.15900993347168,2.6635000705719,2.49990582466125,4.82496976852417,5.12333011627197,7.011859898190855,3.03077006340027,3.91519999504089,6.36691999435425,6.86432981491089,3.60644006729126,4.3092999458313,4.80555009841919,4.29602003097534,7.55436992645264,4.221519947052,2.29890990257263,4.35526990890503,5.28898000717163,3.79999995231628
52,5.34582996368408,4.86787986755371,5.48040008544922,2.06763005256653,6.16786003112793,6.25576496124268,2.04667067527771,3.47637009620667,2.88959002494812,7.922978451267219,1.98035001754761,4.69258737564087,4.85834980010986,4.54170417785645,4.07742977142334,3.4344699382782,2.60306000709534,4.37038993835449,6.58239984512329,1.15516604637378e-05,5.91185474395752,4.22070980072021,7.23782014846802,3.36829996109009,4.4693398475647,7.14803981781006,4.72265005111694,5.45646715164185,5.6596040725708,7.91913986206055,2.63756990432739,4.51454973220825,3.50960993766785,4.14111995697021,5.75268983840942,3.16859006881714,7.58223009109497,4.05601978302002,6.11246013641357,3.5,3.64741992950439,4.93121004104614,7.38423013687134,3.63049674034119,3.8660043712084704,3.75,1.49617004394531,7.66605997085571,3.87815999984741,6.04297590255737,2.34067010879517,5.10309982299805,3.47949004173279,6.34545993804932,3.41820001602173,3.67986369132996,5.73902988433838,3.1868200302124,5.4102201461792,7.37470006942749,7.15993022918701,4.79798984527588,2.13628005981445,3.3950190102962043,2.92276000976563,2.51728916168213,4.82954978942871,4.94940996170044,7.076959787947176,3.07085990905762,3.87419009208679,7.5369701385498,5.59408855438232,2.61392998695374,4.71920013427734,3.59691834449768,4.54982995986938,5.95086002349854,4.38721990585327,1.79746997356415,4.33051729202271,5.52323007583618,4.19999980926514
53,5.43661022186279,5.22923994064331,5.54711008071899,2.44213008880615,5.99535989761353,6.63052988052368,1.96616005897522,4.05822992324829,3.51402992377525,8.024775803780017,2.63821005821228,4.5890097618103,4.8690299987793,4.52942991256714,3.85250997543335,3.45860004425049,2.6554799079895,4.87855005264282,6.68739986419678,1.06716961454367e-05,6.48377990722656,4.04676008224487,8.49442958831787,4.12252998352051,4.35101985931396,7.12404012680054,3.88288998603821,5.50037813186646,5.50078010559082,4.57646989822388,1.81839001178741,4.47595977783203,3.76031994819641,4.18772983551025,5.34205007553101,3.06795001029968,7.44868993759155,4.14367008209229,6.25108003616333,3.5,3.62496995925903,4.83721017837524,6.78020000457764,3.81731343269348,3.8883348405542697,3.88000011444092,1.62107002735138,7.29226016998291,3.90583801269531,5.415823751443903,1.77693998813629,4.69605016708374,3.28465008735657,7.57923984527588,3.61578989028931,5.41617012023926,5.48120021820068,3.68952989578247,5.52655982971191,7.48535013198853,6.70155000686646,4.98458003997803,2.49343991279602,3.40000009536743,3.29729008674622,3.01999998092651,4.97062015533447,5.2709698677063,7.1420596777034975,2.85435009002686,4.08405017852783,7.61120986938477,5.08461046218872,3.60812997817993,4.42364978790283,3.82439851760864,5.11880016326904,6.96745014190674,4.34481000900269,1.87114000320435,4.51938009262085,5.35071992874146,4.30000019073486
54,5.36144018173218,5.1646900177002,5.44761991500854,2.63303995132446,6.78452014923096,6.59046983718872,2.09871673583984,4.0829291343689,3.35318994522095,8.127881086264145,2.22014999389648,4.84358978271484,4.87779998779297,4.73094987869263,3.72663998603821,3.31416988372803,2.58396005630493,4.62945985794067,6.67952013015747,9.60746911005117e-06,6.44049978256226,3.96522998809814,7.634850025177,4.25138998031616,4.30338001251221,7.10236978530884,4.26821994781494,5.51206302642822,5.56450986862183,4.39978981018066,2.23094010353088,4.28700971603394,3.57255005836487,4.6003999710083,4.87849998474121,2.80135011672974,7.6414098739624,4.06127977371216,6.01586008071899,3.79999995231628,3.55158996582031,4.7172999382019,5.53159999847412,3.85677862167358,3.910794293163749,4.40000009536743,1.93288004398346,7.19859981536865,3.85569000244141,5.9335150718689,2.3812301158905,5.25747013092041,3.64819002151489,7.00420999526978,4.91695022583008,4.83983993530273,5.21263980865479,5.10368013381958,5.458899974823,7.69504022598267,6.34243011474609,4.84755053268038,2.46592998504639,2.81682443618774,3.69599008560181,2.93371725082397,4.93554019927979,5.12400007247925,7.207159567459819,2.9243700504303,4.23041009902954,7.57372999191284,7.07059001922607,4.08368015289307,4.78455018997192,3.91917753219604,5.33194017410278,6.88186979293823,4.41258001327515,1.91472005844116,4.58498001098633,5.48977994918823,5.19999980926514
55,5.77611017227173,5.31583976745605,5.45658016204834,2.95167994499207,6.37054014205933,6.4515700340271,1.87225413322449,3.92179489135742,3.530266605023252,7.80650997161865,1.91023004055023,4.7393798828125,4.93844985961914,4.87530994415283,3.82487010955811,3.49415993690491,2.65791988372803,4.47038984298706,6.87349987030029,8.96333767741453e-06,6.32612991333008,5.75182008743286,7.01041460037231,3.9308500289917,4.28657007217407,7.03208017349243,4.80931997299194,5.46423482894897,5.51411008834839,4.4340500831604,2.16002988815308,3.66139006614685,3.26212000846863,4.49410009384155,3.75876998901367,2.79738998413086,7.4579701423645,4.07362985610962,5.45521020889282,3.45000004768372,3.26981973648071,4.74350023269653,5.98550987243652,2.6434600353241,4.45423793792725,4.77148008346558,2.22874999046326,9.0,3.76792001724243,4.64597988128662,2.21011996269226,5.22942018508911,3.80152010917664,5.02398014068604,4.88667011260986,5.60866022109985,4.89486980438232,4.48669004440308,5.34815979003906,7.5693302154541,6.32505989074707,4.916307111839995,2.6500198841095,2.83628988265991,3.96933007240295,3.5185170173645,4.80993986129761,4.88554000854492,7.27225945721614,2.86309003829956,4.59206008911133,7.4439001083374,5.35575008392334,4.22289991378784,5.10860013961792,3.86397624015808,3.38720989227295,6.22044992446899,4.32219982147217,2.32152009010315,4.55424976348877,5.48285007476807,4.62433004379272
56,5.54548978805542,5.28623008728027,5.4796199798584,2.90340995788574,4.69199991226196,6.46173000335693,2.22119998931885,3.4033100605011,4.42540979385376,7.97483015060425,1.7540899515152,4.81642007827759,4.92645978927612,5.34201002120972,3.79362010955811,3.97232007980347,2.56234002113342,4.47721004486084,6.89395999908447,9.0131334218313e-06,6.14541006088257,5.55373001098633,7.4769401550293,4.05000019073486,4.22764015197754,6.85153007507324,4.8358998298645,5.41906690597534,5.37532997131348,4.39452981948853,2.0244300365448,3.97024154663086,3.29264998435974,4.61454010009766,3.74212002754211,3.36576008796692,7.43219995498657,3.81578993797302,5.31461000442505,3.45282006263733,3.14643001556396,4.89518022537231,6.58615016937256,4.15000009536743,4.33309984207153,5.84771013259888,3.44919991493225,7.76074981689453,3.48559498786926,5.49193382263184,2.68719005584717,4.90681982040405,3.09477996826172,5.08445978164673,5.01359987258911,4.74856996536255,4.75192022323608,2.95843005180359,5.47959995269775,8.03055000305176,6.411789894104,4.985063690999608,3.00291991233826,2.84608006477356,3.81316995620728,3.03422427177429,4.63339996337891,4.7709059715271,8.51045989990234,2.8748300075531,3.91286993026733,7.61861991882324,5.41466999053955,4.42102003097534,3.68649005889893,3.76761746406555,3.95391011238098,7.32434988021851,4.62773990631104,2.13789010047913,4.38281011581421,5.4442400932312,3.74792003631592
57,5.45431995391846,5.13680982589722,5.37159013748169,2.47381997108459,4.76202011108398,6.42534017562866,2.21661949157715,4.07527017593384,3.546578308346669,7.29974985122681,1.75364995002747,4.95996999740601,4.9515700340271,5.41966009140015,3.66744995117188,3.80347990989685,3.05962991714478,4.53551006317139,7.06980991363525,8.44410442368826e-06,5.71853017807007,3.80615997314453,7.75243997573853,3.6223219356024297,4.20777988433838,6.36311006546021,4.65118980407715,5.45160007476807,5.38499021530151,3.53362989425659,2.45918989181519,3.47708988189697,3.31010007858276,4.61409997940063,3.50928997993469,3.79040002822876,7.58385992050171,4.04493999481201,5.26016998291016,3.22853994369507,3.13057994842529,4.96308994293213,6.02618980407715,4.25,4.32823991775513,6.3654899597168,2.79924988746643,8.15688991546631,3.48645997047424,5.11831998825073,2.70137000083923,4.51821994781494,3.78976988792419,4.65162992477417,5.02312994003296,4.03133010864258,4.6753101348877,2.57818007469177,5.17509984970093,7.91198015213013,6.25973987579346,5.84018993377686,2.89951992034912,2.88224005699158,3.93130993843079,3.97115445137024,4.5584602355957,5.0156102180481,8.01642990112305,2.76826000213623,3.94278001785278,7.56883001327515,6.13809013366699,3.67728996276855,3.7605299949646,3.46532154083252,3.57550001144409,6.97710883240312,4.32368993759155,2.25363993644714,4.47097015380859,5.59867000579834,3.72964000701904
58,4.87773990631104,5.12344980239868,5.22452020645142,2.45543003082275,5.07864999771118,6.38137006759644,1.94795548915863,4.04530000686646,3.5547624015497297,6.72131013870239,1.56587994098663,4.8889799118042,4.86325979232788,5.43316984176636,3.54249000549316,3.23993992805481,3.03096008300781,4.44910001754761,6.76991987228394,8.02498743723845e-06,5.15285396575928,4.26692008972168,6.79277992248535,3.5898777045580497,4.18157005310059,6.27542018890381,4.83571004867554,5.40716981887817,5.16799020767212,3.8861300945282,2.36543989181519,3.59734010696411,3.32651996612549,4.62282991409302,3.39286994934082,3.9553599357605,7.56170988082886,4.25614023208618,5.41380977630615,2.98481011390686,3.07782006263733,5.10761976242065,5.55267000198364,4.42000007629395,4.45807981491089,6.38917016983032,2.13539004325867,7.28535985946655,3.64749002456665,5.34884977340698,2.84409999847412,4.2542200088501,3.9055700302124,5.13647079467773,4.83458995819092,3.32295989990234,4.47865009307861,3.457279920578,5.35764980316162,7.64411020278931,6.04850006103516,5.20723009109497,2.59740662574768,2.8829300403595,3.71429991722107,3.86405324935913,4.61579990386963,4.67515993118286,7.08581018447876,2.85597991943359,3.97256994247437,7.64084005355835,5.67916011810303,4.49883985519409,4.04394006729126,3.19860005378723,3.30403995513916,7.025756127092479,4.29406976699829,2.13052010536194,4.66279983520508,5.64401006698608,4.73974990844727
59,4.72417020797729,5.13531017303467,5.21291017532349,2.68108010292053,5.34668016433716,6.33975982666016,1.97184658050537,4.19717979431152,3.562965380387262,6.91437005996704,1.76871001720428,4.77293014526367,5.09326410293579,5.61812019348145,3.53999996185303,3.71637988090515,3.08087992668152,4.5062198638916,6.79584980010986,9.04697026271606e-06,5.25063991546631,4.54337978363037,6.88857984542847,2.60999989509583,4.23408985137939,6.41710996627808,5.06788015365601,5.35443019866943,5.20774984359741,5.4859608956882555,2.78892993927002,3.58803009986877,3.81060004234314,4.23763990402222,3.29461002349854,3.66319990158081,7.54735994338989,4.09531021118164,5.16364002227783,2.98847007751465,3.15724992752075,4.97439002990723,5.36674976348877,4.30000019073486,4.68465995788574,6.49243021011353,1.92999994754791,7.99171018600464,3.71982002258301,5.93135976791382,2.99485993385315,5.5563366780251116,3.4841001033783,4.98805999755859,4.71929979324341,3.71131992340088,4.15661001205444,3.52752995491028,5.15986013412476,7.93838977813721,5.16372013092041,5.41320991516113,2.50755000114441,3.12736010551453,3.81996011734009,3.3557915687561,4.6692099571228,4.63002014160156,6.79474020004272,2.73621010780334,4.29046010971069,7.63851022720337,5.64554977416992,3.91458988189697,4.06913995742798,3.02062010765076,3.69809007644653,7.074742610884005,4.4477801322937,1.52999997138977,4.70325994491577,5.9177098274231,4.46517992019653
60,5.01604986190796,6.09999990463257,5.07000017166138,4.33204984664917,5.04097986221313,6.71000003814697,2.04921746253967,4.03999996185303,3.5711872884398037,8.73999977111816,2.16669988632202,5.17000007629395,5.21999979019165,4.572993647009804,3.5699999332428,3.44302010536194,3.16616010665894,4.93310022354126,6.71066999435425,1.15247967187315e-05,6.05999994277954,5.07999992370605,6.38000011444092,2.48000001907349,4.59000015258789,5.88000011444092,5.67535305023193,5.5,5.53000020980835,5.539639040212291,2.76372003555298,4.44000005722046,4.4063401222229,4.76000022888184,3.09999990463257,3.59243011474609,7.71999979019165,4.26999998092651,5.61749982833862,3.67000007629395,3.42000007629395,5.07996988296509,6.21486473083496,3.39879155158997,4.048301681197209,6.55125999450684,2.0440752781291045,7.66936016082764,4.96999979019165,6.75430011749268,3.09571003913879,5.6443030500343685,3.76343011856079,5.86999988555908,4.60817003250122,2.90761995315552,3.91697001457214,3.8376100063324,5.30000019073486,5.90000009536743,5.98000001907349,5.260090007638064,2.36571836471558,3.90606999397278,4.24667978286743,3.73481059074402,5.19000005722046,5.01000022888184,7.80930995941162,2.50665998458862,4.6100001335144,7.17000007629395,5.34233999252319,5.15073013305664,3.99125003814697,3.14571094512939,4.10374021530151,7.12407064874471,3.35999989509583,2.58628010749817,4.55207014083862,6.19288015365601,3.70239996910095
61,5.741881341701447,5.0666101728029265,5.646576227885936,2.4151946582781334,5.958393527149225,6.42273282736931,2.11938500404358,3.8128125670570316,3.5794281693884615,8.887679260992424,1.4860864038514032,4.569902501647715,5.183381885148673,4.610710981457363,3.809873399017694,2.2382241155119713,2.6621170911277052,5.072711434781693,6.581866221400952,1.3972125700222382,6.957465393458074,4.522188072556339,8.127697256566087,3.4925450114249106,5.081949442781704,6.8990780656652095,4.711171547477393,5.877218758356874,4.9778264045773275,5.593842405979116,1.7604483833585813,4.911154009198083,4.00102996826172,4.33945780901507,4.232353767748429,3.7358841690623885,8.217424785917135,4.405770738931288,6.02747011184692,3.21138000488281,3.100548996306265,4.79903984069824,6.482517303322332,2.44862008094788,4.071685119991994,5.382940196651067,2.028476671618269,8.70263957977295,4.19883970115486,5.460405117906877,2.4341052476420506,5.732269422043624,4.40148019790649,5.753845793691773,4.87728023529053,4.351157397569648,4.8300534601927065,3.93434347291121,4.848323110154638,7.6756404892856285,6.781785991924517,5.328846586797678,2.37757301330566,3.288845933608982,3.98178005218506,3.5851240853877133,5.021628225426828,5.739505867681704,7.662858795754065,2.80646228790283,3.992808030974338,7.403961166556583,4.99529981613159,4.338127905442251,3.851249560515285,4.10638579130701,3.569194742976191,7.1737426221311305,4.17504869697167,2.66505002975464,4.507172952445061,6.60466003417969,2.794525200834944
62,5.83539766107066,5.061646572753182,5.662892963095437,2.3741383346798033,6.063968217164186,6.455767235252228,2.344052562639873,3.816646363268451,3.587688067015138,9.001871445701347,1.4646483409841942,4.527033805508582,5.20793961028862,4.648428315904922,3.8816937918952887,2.149133852020956,2.6538179483684767,5.13830173574415,6.654353434769878,1.2986763655205669,7.075333485596908,4.547977468076568,8.174067174592718,3.460100780380531,5.139068282529022,6.946730942497909,4.682486054661211,5.913522059970301,4.97927647598353,5.648576132088761,1.7380794540268578,5.042836529223664,4.180943941138284,4.300160182958329,4.21425785453342,3.7307738182718344,8.315388960831783,4.414354626732313,5.677260051066631,3.852203014543954,3.0731560208559143,5.40696909274497,6.566911265808237,4.031360707921205,4.095203624118596,5.432181935533532,2.012997100119345,10.190091387456015,4.214567209261202,5.466003530272693,2.424535133682692,5.820235794052881,3.6822577590553305,5.8108075926932035,4.062458200915701,4.37687461152408,4.806522328888432,4.025568030643144,4.8268933679137085,7.722869239363031,6.833058763477453,5.3976031659572925,2.671309332220019,3.2772558140141186,3.5712795067231977,3.6484068904378733,5.0309962617498165,5.802495699388124,7.727958685510386,3.08014086440268,3.9861736228402536,7.443314013363512,5.877572090204307,4.303533571560427,3.833704628426694,4.1365086525559205,3.5491601133363924,7.223760929104311,4.22603032729492,2.03971618248875,4.5755741657413,5.513027951512713,2.756778625970105
