,Aruba,Afghanistan,Angola,Albania,United Arab Emirates,Argentina,Armenia,Antigua and Barbuda,Australia,Austria,Azerbaijan,Burundi,Belgium,Benin,Burkina Faso,Bangladesh,Bulgaria,Bahrain,"Bahamas, The",Bosnia and Herzegovina,Belarus,Belize,Bermuda,Bolivia,Brazil,Barbados,Brunei Darussalam,Bhutan,Botswana,Central African Republic,Canada,Switzerland,Channel Islands,Chile,China,Cote d'Ivoire,Cameroon,"Congo, Dem. Rep.","Congo, Rep.",Colombia,Comoros,Cabo Verde,Costa Rica,Cuba,Curacao,Cyprus,Czechia,Germany,Djibouti,Dominica,Denmark,Dominican Republic,Algeria,Ecuador,"Egypt, Arab Rep.",Eritrea,Spain,Estonia,Ethiopia,Finland,Fiji,France,Faroe Islands,"Micronesia, Fed. Sts.",Gabon,United Kingdom,Georgia,Ghana,Gibraltar,Guinea,"Gambia, The",Guinea-Bissau,Equatorial Guinea,Greece,Grenada,Greenland,Guatemala,Guam,Guyana,"Hong Kong SAR, China",Honduras,Croatia,Haiti,Hungary,Indonesia,Isle of Man,India,Ireland,"Iran, Islamic Rep.",Iraq,Iceland,Israel,Italy,Jamaica,Jordan,Japan,Kazakhstan,Kenya,Kyrgyz Republic,Cambodia,Kiribati,St. Kitts and Nevis,"Korea, Rep.",Kuwait,Lao PDR,Lebanon,Liberia,Libya,St. Lucia,Sri Lanka,Lesotho,Lithuania,Luxembourg,Latvia,"Macao SAR, China",St. Martin (French part),Morocco,Moldova,Madagascar,Maldives,Mexico,Marshall Islands,North Macedonia,Mali,Malta,Myanmar,Montenegro,Mongolia,Mozambique,Mauritania,Mauritius,Malawi,Malaysia,Namibia,New Caledonia,Niger,Nigeria,Nicaragua,Netherlands,Norway,Nepal,Nauru,New Zealand,Oman,Pakistan,Panama,Peru,Philippines,Papua New Guinea,Poland,Puerto Rico,"Korea, Dem. People's Rep.",Portugal,Paraguay,West Bank and Gaza,French Polynesia,Qatar,Romania,Russian Federation,Rwanda,Saudi Arabia,Sudan,Senegal,Singapore,Solomon Islands,Sierra Leone,El Salvador,Somalia,Serbia,South Sudan,Sao Tome and Principe,Suriname,Slovak Republic,Slovenia,Sweden,Eswatini,Sint Maarten (Dutch part),Seychelles,Syrian Arab Republic,Turks and Caicos Islands,Chad,Togo,Thailand,Tajikistan,Turkmenistan,Timor-Leste,Tonga,Trinidad and Tobago,Tunisia,Turkiye,Tuvalu,Tanzania,Uganda,Ukraine,Uruguay,United States,Uzbekistan,St. Vincent and the Grenadines,"Venezuela, RB",British Virgin Islands,Virgin Islands (U.S.),Vietnam,Vanuatu,Samoa,Kosovo,"Yemen, Rep.",South Africa,Zambia,Zimbabwe
0,4.82,7.282,6.708,6.455,6.718,3.075,4.786,4.602,3.453,2.69,5.878,7.003,2.54,6.282,6.248,6.784,2.31,7.152,4.818,3.907,2.67,6.5,3.51,6.358,6.061,4.333,6.836,6.704,6.628,5.814,3.811,2.44,2.27,4.697,4.451,7.691,5.647,6.08,6.085,6.735,6.792,6.885,6.712,4.129,4.801,3.512,2.09,2.37,6.828,6.866,2.57,7.555,7.503,6.721,6.794,6.483,2.86,1.98,6.88,2.72,6.461,2.85,2.891420686416802,6.686,4.422,2.69,2.942,6.847,3.012,6.112,6.246,5.921,5.653,2.23,6.743,2.485190333024977,6.955,5.906,6.372,5.067,7.458,2.232,6.208,2.02,5.547,2.875,5.921,3.78,7.301,5.3,4.29,3.866,2.4,5.58,7.669,2.0,4.53,7.632,5.376,6.251,6.553,7.169,5.949,7.162,6.292,5.818,6.391,7.373,6.967,5.465,5.819,2.56,2.29,1.94,4.933,5.948,7.04,3.328,7.3,6.804,6.763,8.234,3.967,7.004,3.62,5.983,3.498,6.827,6.315,6.354,6.167,7.029,6.407,6.205,6.278,7.53,6.364,7.159,3.12,2.85,6.03,5.269,4.24,7.247,6.8,5.844,6.941,7.148,6.018,2.98,4.796,3.568,3.16,6.5,9.860935850439885,5.888,6.647,2.34,2.52,8.187,7.626,6.647,6.996,5.76,6.97,6.175,6.634,7.25,2.113,6.721,6.242,6.608,3.04,2.185,2.17,6.752,4.202,3.613552514606261,7.485,5.79,6.25,6.717,6.248,6.547,6.59,6.319,6.885,5.345,6.942,6.383,4.778,6.725,6.936,2.24,2.827,3.654,6.613,7.286,6.358,5.162,5.445,6.28,6.863,7.646,6.359,7.938,6.159,7.115,7.22
1,4.655,7.284,6.79,6.353,6.678,3.069,4.67,4.559,3.54,2.78,5.937,7.023,2.63,6.402,6.286,6.831,2.29,7.123,4.866,3.826,2.59,6.48,3.483,6.335,6.044,4.313,6.771,6.698,6.597,5.828,3.753,2.52,2.377,4.655,3.863,7.72,5.705,6.107,6.093,6.712,6.849,6.922,6.651,4.265,4.661,3.619,2.11,2.45,6.829,5.278,2.55,7.487,7.564,6.7,6.779,6.474,2.77,1.98,6.877,2.72,6.281,2.87,2.882353581490652,6.697,4.504,2.78,2.943,6.886,3.177,6.126,6.228,5.931,5.661,2.13,6.627,2.479588459759482,6.933,5.942,6.305,5.168,7.448,2.218,6.2,1.94,5.57,2.772,5.937,3.78,7.227,5.8,3.88,3.858,2.44,5.446,7.769,1.96,4.486,7.718,5.434,6.122,6.625,6.924,5.81,7.211,6.31,5.809,6.446,7.446,6.931,5.331,5.811,2.53,1.9650678547553349,1.94,4.731,5.957,7.072,3.229,7.301,6.841,6.777,8.266,3.809,7.004,3.27,5.982,3.481,7.007,6.379,6.401,6.178,7.069,6.362,6.272,6.144,7.512,6.353,7.149,3.22,2.94,6.063,5.289,4.31,7.248,6.8,5.865,6.923,7.087,6.074,2.83,4.51,3.261,3.21,6.489,9.752985337243404,5.887,6.659,2.17,2.45,8.194,7.634,6.628,7.038,5.41,6.97,6.205,6.674,7.252,2.073,6.733,6.263,6.594,2.96,2.27,2.21,6.774,4.11,3.586709078204157,7.431,5.777,6.268,6.753,6.262,6.661,6.689,6.273,6.844,5.301,6.97,6.352,4.715,6.754,6.968,2.17,2.846,3.62,6.752,7.227,6.298,4.961,4.893,5.476,6.818,7.641,6.35,7.963,6.138,7.169,7.233
2,4.471,7.292,6.872,6.207,6.659,3.106,4.521,4.547,3.442,2.8,5.961,7.038,2.59,6.457,6.322,6.865,2.24,7.096,4.799,3.737,2.5,6.46,3.443,6.309,5.995,4.269,6.683,6.692,6.571,5.851,3.681,2.58,2.459,4.602,6.085,7.75,5.766,6.132,6.099,6.663,6.897,6.953,6.543,4.421,4.519,3.51,2.12,2.44,6.836,5.21,2.55,7.404,7.607,6.676,6.755,6.496,2.8,1.95,6.875,2.68,6.085,2.89,2.8732864765645014,6.7,4.587,2.86,2.937,6.947,3.517,6.14,6.213,5.941,5.673,2.16,6.442,2.473986586493987,6.89,5.914,6.226,5.145,7.443,2.196,6.194,1.79,5.589,2.661,5.953,3.92,7.224,6.869,3.98,3.85,2.46,5.378,7.847,1.98,4.404,7.803,5.484,5.996,6.557,6.687,5.624,7.252,6.313,5.797,6.504,7.551,6.88,5.261,5.805,2.45,2.37,1.91,4.533,5.947,7.088,3.043,7.303,6.906,6.8,8.285,3.682,7.019,3.24,5.994,3.443,7.238,6.446,6.434,6.124,7.097,6.292,6.342,6.01,7.501,6.356,7.128,3.18,2.91,6.075,5.29,4.19,7.251,6.8,5.872,6.895,7.02,6.135,2.72,4.359,3.412,3.23,6.472,9.645034824046924,5.889,6.67,2.04,2.36,8.197,7.636,6.692,7.079,5.21,6.97,6.222,6.682,7.255,2.015,6.747,6.284,6.558,2.83,2.276,2.25,6.794,4.027,3.559865641802053,7.441,5.746,6.285,6.803,6.277,6.76,6.756,6.218,6.804,5.219,6.993,6.287,4.647,6.758,6.997,2.14,2.866,3.461,6.878,7.13,6.231,4.762,4.929,6.274,6.777,7.646,6.331,7.963,6.11,7.214,7.255
3,4.271,7.302,6.954,6.047,6.619,3.101,4.345,4.536,3.332,2.82,5.945,7.067,2.68,6.51,6.356,6.841,2.21,7.068,4.729,3.644,2.4,6.44,3.468,6.279,5.929,4.196,6.572,6.687,6.632,5.868,3.607,2.65,2.515,4.536,7.513,7.781,5.828,6.157,6.147,6.584,6.939,6.976,6.389,4.559,4.381,3.494,2.31,2.51,6.837,5.272,2.67,7.303,7.649,6.646,6.718,6.481,2.88,1.89,6.872,2.68,5.958,2.89,2.864219371638351,6.712,4.649,2.88,2.949,6.98,3.999,6.153,6.202,5.951,5.69,2.14,6.196,2.4683847132284926,6.869,5.559,6.14,5.089,7.441,2.171,6.182,1.82,5.604,2.69,5.969,4.01,7.181,6.901,3.99,3.838,2.51,5.509,7.919,2.0,4.341,7.864,5.51,5.852,6.486,6.735,5.407,7.296,6.318,5.779,6.556,7.697,6.821,5.211,5.796,2.35,1.945326123736922,1.85,4.393,5.94,7.0,2.89,7.305,6.943,6.817,8.309,3.611,7.031,2.9,5.991,3.368,7.383,6.492,6.484,5.993,7.125,6.182,6.402,5.9,7.489,6.349,7.108,3.19,2.93,6.065,5.284,4.05,7.256,6.8,5.865,6.858,6.947,6.153,2.7,4.525,3.626,3.12,6.447,9.537084310850442,5.884,6.688,2.01,2.27,8.198,7.654,6.75,7.12,5.16,6.965,6.261,6.69,7.258,2.029,6.763,6.306,6.497,2.92,2.269,2.33,6.855,3.918,3.533022205399949,7.441,5.719,6.301,6.85,6.291,6.844,6.788,6.155,6.774,5.058,7.009,6.223,4.578,6.77,7.023,2.06,2.884,3.319,6.808,7.022,6.155,4.572,4.648,6.385,6.729,7.656,6.296,7.981,6.077,7.249,7.253
4,4.059,7.304,7.036,5.849,6.573,3.08,4.15,4.484,3.146,2.79,5.888,7.09,2.71,6.565,6.419,6.837,2.19,7.061,4.639,3.538,2.31,6.42,3.232,6.245,5.818,4.094,6.44,6.682,6.688,5.906,3.456,2.66,2.498,4.457,6.672,7.811,5.89,6.183,6.183,6.475,6.975,6.989,6.193,4.528,4.248,3.409,2.34,2.54,6.846,4.894,2.6,7.186,7.673,6.61,6.643,6.487,3.01,1.94,6.867,2.59,5.824,2.87,2.8551522667122002,6.734,4.713,2.93,2.87,6.931,3.819,6.166,6.195,5.961,5.711,2.24,5.906,2.4627828399629976,6.847,5.375,6.05,5.012,7.443,2.173,6.175,1.82,5.614,2.693,5.979,4.07,7.131,6.928,3.88,3.826,2.66,5.684,7.985,2.05,4.219,7.92,5.465,5.862,6.411,6.661,5.188,7.309,6.313,5.724,6.585,7.817,6.758,5.135,5.768,2.28,2.34,1.79,4.16,5.933,6.969,2.709,7.307,6.984,6.833,8.33,3.56,7.048,2.79,5.991,3.268,7.451,6.517,6.527,5.785,7.095,6.016,6.433,5.7,7.48,6.362,7.069,3.17,2.98,6.065,5.302,3.8,7.263,6.8,5.808,6.81,6.867,6.191,2.57,4.108,3.547,3.21,6.415,9.42913379765396,5.88,6.694,1.96,2.18,8.198,7.672,6.803,7.157,4.97,6.964,6.294,6.684,7.261,1.995,6.781,6.327,6.412,2.89,2.305,2.47,6.819,3.829,3.5061787689978448,7.469,5.655,6.318,6.873,6.248,6.911,6.787,6.084,6.734,4.851,7.015,6.134,4.509,6.775,7.053,1.96,2.863,3.19,6.823,6.928,6.071,4.376,5.016,6.285,6.683,7.667,6.126,8.038,6.03,7.274,7.261
5,3.842,7.305,7.116,5.623,6.522,3.062,3.988,4.416,2.977,2.7,5.792,7.113,2.61,6.606,6.471,6.83,2.09,6.996,4.542,3.439,2.27,6.4,3.074,6.208,5.675,3.963,6.297,6.679,6.687,5.941,3.115,2.59,2.428,4.364,6.605,7.841,5.949,6.211,6.229,6.333,7.004,6.993,5.96,4.459,4.118,3.47,2.18,2.5,6.845,4.841,2.61,7.053,7.679,6.564,6.518,6.494,2.94,1.88,6.864,2.48,5.64,2.84,2.84608516178605,6.733,4.785,2.86,2.781,6.89,3.924,6.178,6.192,5.971,5.734,2.25,5.597,2.4571809666975026,6.823,5.143,5.957,4.92,7.442,2.211,6.123,1.82,5.616,2.663,5.941,4.04,7.106,6.945,3.73,3.814,2.6,5.747,8.078,2.14,4.111,8.028,5.411,5.823,6.363,6.535,4.995,7.325,6.316,5.647,6.617,7.912,6.688,5.004,5.782,2.23,2.42,1.74,3.838,5.916,6.93,2.685,7.308,7.016,6.819,8.344,3.516,7.082,2.52,5.994,3.164,7.482,6.546,6.589,5.51,7.108,5.829,6.461,5.6,7.466,6.367,7.034,3.04,2.94,6.029,5.294,3.54,7.271,6.8,5.728,6.75,6.781,6.203,2.52,4.044,3.556,3.15,6.356,9.32118328445748,5.877,6.716,1.91,2.13,8.198,7.658,6.849,7.19,4.66,6.951,6.311,6.647,7.261,2.055,6.8,6.349,6.304,2.78,2.432,2.39,6.821,3.729,3.4793353325957406,7.514,5.603,6.337,6.902,6.192,6.962,6.756,6.008,6.662,4.59,7.1,6.033,4.426,6.777,7.085,1.99,2.84,2.913,6.81,6.823,5.977,4.215,5.113,6.156,6.642,7.651,5.927,8.067,5.967,7.291,7.258
6,3.625,7.32,7.194,5.465,6.494,3.048,3.829,4.322,2.881,2.66,5.663,7.135,2.52,6.638,6.527,6.824,2.03,6.922,4.438,3.308,2.29,6.379,2.826,6.168,5.529,3.807,6.156,6.674,6.692,5.983,2.749,2.5,2.34,4.259,6.307,7.868,6.004,6.237,6.267,6.159,7.027,6.99,5.697,4.378,3.983,3.395,2.02,2.53,6.854,5.858,2.62,6.949,7.672,6.507,6.433,6.497,2.91,1.87,6.867,2.41,5.447,2.8,2.8370180568598995,6.78,4.861,2.78,2.729,6.875,3.349,6.19,6.183,5.982,5.756,2.32,5.3,2.4515790934320076,6.799,5.185,5.86,4.459,7.384,2.193,6.071,1.89,5.601,2.588,5.881,3.94,7.075,6.97,3.59,3.802,2.58,5.83,8.091,1.58,4.008,8.056,5.301,5.769,6.308,6.273,4.81,7.343,6.307,5.57,6.628,7.994,6.607,4.884,5.77,2.22,2.34,1.76,3.473,5.892,6.895,2.657,7.307,7.095,6.79,8.356,3.432,7.099,2.33,5.956,3.051,7.545,6.592,6.642,5.187,7.161,5.627,6.488,5.385,7.481,6.386,6.988,2.9,2.9,6.001,5.213,3.41,7.277,6.8,5.649,6.68,6.667,6.232,2.34,3.817,3.709,3.16,6.258,9.213232771261,5.856,6.736,1.9,2.1,8.198,7.655,6.902,7.217,4.46,6.941,6.345,6.575,7.257,1.998,6.819,6.371,6.182,2.66,2.465,2.37,6.815,3.621,3.452491896193637,7.554,5.59,6.362,6.935,6.108,6.999,6.703,5.932,6.596,4.292,7.052,5.925,4.349,6.791,7.116,2.02,2.819,2.721,6.66,6.71,5.87,4.097,4.568,5.968,6.613,7.625,5.737,8.127,5.907,7.304,7.24
7,3.417,7.339,7.267,5.404,6.492,3.039,3.731,4.178,2.848,2.62,5.377,7.156,2.41,6.65,6.585,6.854,2.02,6.828,4.368,3.171,2.26,6.358,2.645,6.127,5.368,3.637,6.026,6.669,6.678,6.015,2.528,2.39,2.256,4.144,5.806,7.893,6.058,6.268,6.29,5.957,7.044,6.982,5.416,4.294,3.836,3.324,1.91,2.48,6.846,5.138,2.35,6.755,7.667,6.436,6.357,6.504,2.94,1.9,6.88,2.32,5.238,2.75,2.827950951933749,6.815,4.919,2.68,2.732,6.91,2.898,6.202,6.206,5.994,5.776,2.45,5.04,2.4459772201665126,6.754,4.799,5.756,4.043,7.334,2.107,6.027,2.01,5.577,2.497,5.825,3.84,7.051,6.997,3.28,3.79,2.5,5.847,8.107,2.23,3.877,8.046,5.201,5.712,6.146,5.865,4.634,7.32,6.306,5.485,6.65,8.024,6.508,4.855,5.759,2.23,2.24,1.8,3.086,5.864,6.844,2.629,7.304,7.18,6.753,8.34,3.332,7.129,2.24,5.923,2.909,7.529,6.625,6.673,4.847,7.22,5.422,6.51,5.17,7.49,6.401,6.953,2.81,2.81,5.98,5.074,3.35,7.282,6.8,5.546,6.6,6.539,6.242,2.33,3.569,4.05,3.16,6.134,9.105282258064518,5.827,6.674,3.66,2.04,8.201,7.658,6.941,7.237,3.91,6.94,6.383,6.49,7.248,1.975,6.838,6.394,6.053,2.48,2.37,2.28,6.751,3.522,3.4256484597915327,7.583,5.581,6.393,6.959,6.01,7.024,6.635,5.858,6.59,4.061,6.955,5.796,4.223,6.798,7.148,2.01,2.784,2.558,6.567,6.594,5.748,4.009,4.866,5.883,6.592,7.612,5.777,8.166,5.852,7.317,7.215
8,3.226,7.363,7.332,5.338,6.497,3.027,3.622,4.014,2.888,2.58,5.222,7.18,2.31,6.683,6.645,6.85,2.27,6.703,4.28,3.047,2.22,6.337,2.525,6.086,5.202,3.46,5.912,6.664,6.668,6.06,2.386,2.29,2.176,4.025,6.508,7.912,6.108,6.298,6.327,5.737,7.055,6.97,5.028,4.212,3.675,3.267,1.84,2.38,6.852,4.964,2.12,6.548,7.655,6.351,6.286,6.503,2.87,2.03,6.903,2.14,5.03,2.69,2.8188838470075988,6.86,4.984,2.6,2.679,6.911,2.802,6.214,6.221,6.008,5.791,2.42,4.835,2.4403753469010177,6.706,4.555,5.642,3.76,7.289,2.026,5.974,2.06,5.54,2.433,5.76,3.77,6.974,7.046,3.06,3.786,2.46,5.817,8.12,2.13,3.681,8.038,5.088,5.648,5.971,5.498,4.489,7.26,6.298,5.382,6.657,8.045,6.387,4.682,5.745,2.24,2.12,1.83,2.677,5.842,6.782,2.597,7.297,7.223,6.707,8.315,3.219,7.152,2.12,5.874,2.811,7.517,6.668,6.676,4.516,7.276,5.284,6.535,4.88,7.497,6.42,6.907,2.72,2.75,5.969,4.938,3.34,7.286,6.8,5.432,6.513,6.409,6.252,2.24,3.381,3.872,3.12,6.01,8.997331744868037,5.793,6.613,3.63,1.99,8.207,7.627,6.971,7.251,3.53,6.917,6.385,6.386,7.231,1.939,6.855,6.419,5.922,2.39,2.253,2.07,6.757,3.426,3.3988050233894285,7.601,5.597,6.432,6.976,5.888,7.035,6.56,5.788,6.371,3.921,6.835,5.749,4.125,6.835,7.187,1.998,2.771,2.464,6.404,6.449,5.614,3.946,4.744,6.029,6.54,7.592,5.745,8.196,5.782,7.332,7.193
9,3.054,7.389,7.388,5.258,6.485,3.052,3.488,3.829,2.886,2.49,5.065,7.215,2.27,6.712,6.664,6.863,2.27,6.562,4.182,2.941,2.26,6.316,2.432,6.045,5.079,3.284,5.812,6.658,6.639,6.037,2.334,2.19,2.108,3.902,6.175,7.927,6.143,6.319,6.35,5.506,7.06,6.954,4.835,4.118,3.501,3.188,1.87,2.21,6.847,5.46,2.0,6.366,7.653,6.252,6.195,6.503,2.86,2.13,6.937,1.93,4.836,2.62,2.8098167420814484,6.889,5.049,2.51,2.667,6.961,2.78,6.228,6.246,6.024,5.802,2.36,4.69,2.434773473635523,6.655,4.674,5.517,3.716,7.229,1.953,5.925,2.04,5.506,2.379,5.684,3.83,6.899,7.099,2.99,3.782,2.47,5.748,8.128,2.13,3.537,8.031,5.042,5.559,5.785,5.263,4.47,7.138,6.301,5.279,6.644,8.075,6.249,4.5,5.737,2.3,2.02,1.88,2.349,5.795,6.72,2.566,7.286,7.264,6.649,8.264,3.101,7.171,2.02,5.812,2.758,7.487,6.708,6.689,4.213,7.29,5.152,6.549,4.59,7.506,6.438,6.855,2.75,2.7,5.912,4.783,3.28,7.293,6.8,5.304,6.418,6.303,6.258,2.2,3.315,3.86,3.12,5.87,8.889381231671557,5.738,6.545,3.19,1.97,8.217,7.597,7.002,7.259,3.22,6.97,6.393,6.278,7.209,1.925,6.869,6.444,5.79,2.43,2.174,1.93,6.758,3.335,3.3719615869873243,7.668,5.489,6.477,7.039,5.729,7.031,6.482,5.722,6.15,3.646,6.685,5.692,4.033,6.878,7.163,2.04,2.753,2.456,6.372,6.276,5.469,3.852,4.667,6.013,6.493,7.547,5.857,8.215,5.719,7.349,7.139
10,2.908,7.4,7.434,5.111,6.486,3.088,3.402,3.628,2.859,2.29,4.913,7.214,2.25,6.743,6.685,6.882,2.17,6.427,4.069,2.828,2.31,6.299,2.358,6.004,4.972,3.113,5.719,6.65,6.617,6.002,2.258,2.1,2.022,3.778,6.085,7.936,6.198,6.343,6.376,5.276,7.061,6.935,4.585,4.001,3.32,3.065,1.92,2.03,6.857,5.135,1.95,6.184,7.635,6.138,6.119,6.541,2.84,2.17,6.978,1.83,4.659,2.55,3.418,6.938,5.097,2.44,2.67,6.953,2.794,6.243,6.257,6.041,5.808,2.4,4.516,2.429171600370028,6.6,4.536,5.38,3.485,7.17,1.917,5.87,1.98,5.447,2.979,5.624,3.85,6.707,7.079,2.81,3.778,2.38,5.638,8.109,2.13,3.529,8.024,5.01,5.72,5.587,5.007,4.53,6.953,6.31,5.168,6.578,8.097,6.101,4.361,5.729,2.4,1.97,1.96,2.095,5.734,6.675,2.56,7.27,7.299,6.551,8.21,2.965,7.177,2.03,5.752,2.678,7.464,6.717,6.691,3.952,7.315,5.028,6.545,4.3,7.514,6.466,6.811,2.57,2.5,5.876,4.627,3.17,7.311,6.801,5.171,6.316,6.198,6.25,2.2,3.243,3.848,3.01,5.739,8.781430718475075,5.624,6.482,2.89,1.99,8.231,7.583,7.027,7.262,3.07,7.001,6.411,6.178,7.182,1.823,6.881,6.468,5.653,2.41,2.109,1.92,6.757,3.247,3.3451181505852206,7.694,5.395,6.528,7.066,5.55,7.003,6.404,5.655,5.941,3.603,6.517,5.625,3.938,6.909,7.186,2.09,2.698,2.48,6.347,6.087,5.321,3.775,5.127,6.019,6.433,7.459,5.503,8.238,5.634,7.367,7.094
11,2.788,7.432,7.467,5.015,6.469,3.108,3.357,3.455,2.961,2.2,4.769,7.213,2.21,6.788,6.698,6.865,2.1,6.284,3.974,2.748,2.31,6.288,2.299,5.964,4.857,2.949,5.619,6.643,6.592,5.986,2.141,2.04,1.933,3.654,5.523,7.941,6.255,6.378,6.416,5.057,7.098,6.913,4.362,3.87,3.142,3.036,2.0,1.92,6.858,4.808,2.04,6.009,7.6,6.011,6.031,6.541,2.9,2.19,7.02,1.68,4.488,2.47,3.215,6.925,5.163,2.41,2.677,6.937,2.79,6.262,6.275,6.06,5.808,2.32,4.427,2.423569727104533,6.546,4.371,5.226,3.459,7.124,1.961,5.797,1.93,5.363,2.95,5.565,3.93,6.51,7.056,2.92,3.774,2.4,5.5,8.089,2.16,3.545,8.003,4.971,5.866,5.397,4.775,4.54,6.761,6.295,5.042,6.542,8.133,5.953,4.242,5.761,2.41,1.95,2.0,1.961,5.654,6.61,2.559,7.248,7.276,6.442,8.148,2.863,7.195,2.06,5.682,2.671,7.433,6.721,6.687,3.741,7.33,4.909,6.553,4.2,7.518,6.532,6.764,2.36,2.49,5.842,4.487,3.18,7.35,6.802,5.048,6.207,6.088,6.229,2.25,3.291,3.739,3.0,5.591,8.673480205278594,5.464,6.413,2.67,2.03,8.228,7.556,7.059,7.261,3.02,7.028,6.429,6.097,7.151,1.741,6.892,6.49,5.504,2.43,2.157,1.96,6.762,3.151,3.3182747141831164,7.653,5.303,6.582,7.103,5.356,6.943,6.323,5.58,5.761,3.597,6.359,5.552,3.844,6.944,7.204,2.12,2.77,2.266,6.295,5.887,5.174,3.693,4.898,6.069,6.379,7.337,5.674,8.264,5.569,7.383,7.059
12,2.691,7.453,7.488,4.898,6.45,3.146,3.27,3.287,2.744,2.08,4.615,7.21,2.09,6.824,6.719,6.845,2.03,6.128,3.89,2.664,2.28,6.284,2.211,5.923,4.746,2.794,5.5,6.639,6.593,5.96,1.98,1.91,1.811,3.53,5.112,7.942,6.282,6.402,6.444,4.857,7.119,6.887,4.158,3.724,2.976,2.988,2.09,1.71,6.853,4.475,2.03,5.841,7.546,5.873,5.971,6.538,2.87,2.13,7.06,1.58,4.298,2.38,3.256,6.894,5.237,2.2,2.658,6.907,2.717,6.283,6.321,6.078,5.805,2.32,4.337,2.417967853839038,6.511,4.198,5.057,3.315,7.082,1.992,5.722,1.93,5.291,2.908,5.482,3.84,6.25,7.008,3.09,3.77,2.35,5.292,8.059,2.14,3.566,7.975,4.962,5.991,5.257,4.355,4.12,6.564,6.284,4.933,6.599,8.099,5.813,4.147,5.761,2.34,1.75,2.0,1.866,5.559,6.533,2.562,7.221,7.247,6.318,8.092,2.772,7.203,2.01,5.591,2.624,7.403,6.739,6.699,3.575,7.348,4.81,6.548,4.1,7.523,6.579,6.708,2.15,2.38,5.781,4.355,3.0,7.414,6.805,4.907,6.091,5.957,6.197,2.24,3.058,3.889,2.86,5.458,8.565529692082112,5.293,6.33,2.55,2.04,8.233,7.539,7.012,7.258,3.04,7.056,6.447,6.004,7.118,1.826,6.903,6.51,5.336,2.49,2.165,1.91,6.719,3.066,3.291431277781012,7.612,5.212,6.85,7.118,5.154,6.845,6.19,5.492,5.616,3.596,6.264,5.464,3.717,6.951,7.215,2.08,2.816,2.01,6.231,5.678,5.035,3.61,4.639,6.1,6.315,7.182,5.616,8.299,5.49,7.392,7.062
13,2.613,7.487,7.498,4.764,6.4,3.198,3.155,3.126,2.491,1.94,4.451,7.215,1.95,6.831,6.77,6.819,2.15,5.961,3.74,2.556,2.25,6.285,2.116,5.88,4.646,2.648,5.355,6.633,6.593,5.928,1.89,1.81,1.71,3.409,4.726,7.939,6.305,6.411,6.42,4.68,7.142,6.855,3.991,3.492,2.83,2.403,2.31,1.54,6.823,4.135,1.92,5.667,7.491,5.727,5.888,6.548,2.84,2.06,7.094,1.49,4.158,2.28,3.22,6.842,5.287,2.04,2.606,6.871,2.668,6.308,6.367,6.098,5.8,2.27,4.258,2.412365980573543,6.487,4.041,4.877,3.177,7.008,1.998,5.648,1.93,5.217,2.62,5.402,3.71,6.106,6.963,2.94,3.698,2.3,5.029,8.016,2.14,3.51,7.939,4.847,5.559,5.144,4.14,4.07,6.384,6.281,4.805,6.651,8.068,5.686,4.033,5.766,2.22,1.58,1.98,1.772,5.431,6.465,2.568,7.188,7.293,6.177,8.036,2.69,7.214,1.65,5.491,2.541,7.354,6.73,6.695,3.444,7.364,4.735,6.557,3.9,7.529,6.633,6.652,1.9,2.23,5.694,4.245,2.76,7.504,6.808,4.739,5.968,5.814,6.16,2.26,2.93,3.353,2.77,5.351,8.457579178885632,5.112,6.268,2.44,2.01,8.232,7.484,6.96,7.255,2.79,7.091,6.473,5.895,7.086,1.827,6.912,6.525,5.148,2.56,2.204,1.87,6.682,2.988,3.264587841378908,7.56,5.116,6.869,7.128,4.899,6.75,6.109,5.392,5.512,3.475,6.185,5.362,3.628,6.962,7.222,2.04,2.856,1.879,6.135,5.459,4.906,3.517,4.142,6.108,6.244,7.024,5.417,8.304,5.413,7.393,7.07
14,2.552,7.526,7.5,4.642,6.331,3.251,3.051,2.932,2.397,1.91,4.33,7.222,1.83,6.842,6.842,6.794,2.29,5.785,3.526,2.451,2.21,6.287,1.988,5.835,4.502,2.513,5.183,6.618,6.593,5.911,1.837,1.73,1.631,3.293,4.17,7.929,6.337,6.416,6.39,4.527,7.134,6.818,3.893,3.199,2.705,2.28,2.46,1.51,6.8,3.844,1.9,5.44,7.44,5.577,5.835,6.567,2.88,2.07,7.121,1.61,4.069,2.18,3.065,6.77,5.327,1.92,2.55,6.827,2.637,6.336,6.382,6.12,5.795,2.38,4.167,2.4067641073080486,6.458,3.966,4.689,2.967,6.921,1.977,5.663,2.27,5.093,2.324,5.325,3.59,6.042,6.928,2.66,3.626,2.28,4.756,7.955,2.05,3.453,7.907,4.726,4.797,5.079,3.98,3.77,6.217,6.289,4.685,6.691,8.022,5.571,3.848,5.828,2.21,1.58,1.97,1.685,5.276,6.373,2.563,7.149,7.269,6.004,7.977,2.636,7.229,1.64,5.382,2.462,7.268,6.712,6.7,3.341,7.374,4.627,6.564,3.8,7.539,6.703,6.576,1.77,2.13,5.738,4.144,2.58,7.617,6.811,4.575,5.841,5.693,6.114,2.26,2.882,3.142,2.7,5.272,8.349628665689151,4.909,6.18,2.71,2.0,8.231,7.426,6.954,7.252,2.35,7.126,6.534,5.793,7.057,1.849,6.92,6.534,4.945,2.61,2.125,1.87,6.752,2.912,3.2377444049768043,7.509,5.01,6.864,7.15,4.634,6.675,6.015,5.287,5.449,3.338,6.111,5.23,3.558,6.998,7.223,2.04,2.959,1.835,6.02,5.22,4.791,3.425,3.863,5.82,6.164,6.847,5.473,8.335,5.298,7.376,7.043
15,2.506,7.542,7.494,4.524,6.258,3.301,2.957,2.77,2.148,1.83,4.176,7.244,1.74,6.851,6.913,6.737,2.23,5.624,3.259,2.36,2.17,6.278,1.842,5.786,4.415,2.393,4.99,6.62,6.578,5.889,1.824,1.61,1.562,3.182,3.571,7.91,6.393,6.424,6.356,4.398,7.121,6.771,3.804,2.853,2.604,2.107,2.43,1.45,6.769,3.576,1.92,5.235,7.373,5.426,5.799,6.586,2.77,2.04,7.143,1.68,4.097,2.09,2.902,6.682,5.391,1.81,2.53,6.77,2.618,6.367,6.405,6.15,5.791,2.33,4.023,2.345,6.41,3.911,4.503,2.666,6.858,1.956,5.687,2.35,5.035,2.054,5.195,3.37,6.008,6.875,2.65,3.554,2.17,4.499,7.891,1.91,3.393,7.877,4.657,4.103,5.029,3.851,3.43,6.094,6.287,4.559,6.744,7.964,5.462,3.792,5.9,2.18,1.55,1.96,1.597,5.094,6.271,2.526,7.102,7.187,5.791,7.906,2.592,7.239,2.27,5.291,2.397,7.134,6.693,6.682,3.196,7.403,4.519,6.544,3.7,7.539,6.773,6.499,1.66,1.98,5.748,4.074,2.37,7.747,6.812,4.424,5.709,5.596,6.065,2.27,2.772,3.047,2.75,5.207,8.241678152492671,4.707,6.099,2.59,1.98,8.224,7.37,6.933,7.252,2.07,7.073,6.546,5.678,7.033,1.879,6.924,6.534,4.734,2.55,2.175,1.77,6.75,2.827,3.2109009685747,7.471,4.926,6.876,7.153,4.396,6.6,5.904,5.19,5.426,3.236,6.026,5.073,3.498,7.001,7.23,2.02,3.018,1.774,5.889,4.975,4.686,3.357,3.627,5.642,6.089,6.679,5.249,8.401,5.191,7.391,6.977
16,2.472,7.561,7.485,4.34,6.208,3.339,2.851,2.78,2.06,1.69,4.018,7.248,1.73,6.857,6.952,6.674,2.24,5.464,3.221,2.271,2.12,6.25,1.834,5.732,4.339,2.288,4.784,6.616,6.556,5.932,1.796,1.55,1.535,3.078,3.235,7.877,6.449,6.425,6.317,4.285,7.114,6.714,3.747,2.519,2.524,2.327,2.39,1.45,6.73,3.359,1.75,5.046,7.306,5.276,5.765,6.603,2.77,2.07,7.188,1.7,4.092,2.01,2.738,6.586,5.457,1.74,2.487,6.723,2.612,6.4,6.433,6.192,5.791,2.35,3.881,2.255,6.368,3.838,4.327,2.48,6.794,1.942,5.691,2.23,4.923,2.005,5.13,3.29,6.136,6.814,2.52,3.482,2.04,4.218,7.81,1.85,3.333,7.843,4.614,3.409,4.987,3.773,3.0,5.98,6.289,4.418,6.793,7.9,5.347,3.746,5.932,2.18,1.48,1.93,1.542,4.905,6.139,2.477,7.044,7.168,5.603,7.828,2.543,7.245,2.21,5.209,2.345,6.967,6.664,6.673,3.13,7.43,4.406,6.496,3.6,7.563,6.806,6.407,1.63,1.86,5.751,4.021,2.27,7.862,6.808,4.273,5.575,5.505,6.018,2.3,2.863,2.836,2.82,5.154,8.13372763929619,4.517,6.003,2.54,1.97,8.243,7.33,6.903,7.258,2.11,7.016,6.553,5.567,7.016,1.9,6.922,6.524,4.526,2.55,2.201,1.68,6.743,2.757,4.5,7.435,4.839,6.893,7.144,4.152,6.493,5.802,5.119,5.438,3.187,5.936,4.919,3.475,6.989,7.231,1.99,3.008,1.738,5.746,4.729,4.589,3.285,3.424,5.45,6.016,6.529,5.272,8.444,5.071,7.366,6.91
17,2.446,7.591,7.475,4.136,6.155,3.359,2.76,2.784,2.007,1.63,3.869,7.245,1.71,6.854,7.046,6.593,2.21,5.306,3.17,2.175,2.08,6.195,1.651,5.673,4.267,2.198,4.58,6.605,6.495,5.968,1.782,1.53,1.523,2.981,2.844,7.828,6.52,6.429,6.271,4.179,7.101,6.645,3.701,2.213,2.458,2.089,2.34,1.4,6.694,3.215,1.66,4.842,7.23,5.13,5.739,6.608,2.65,2.06,7.255,1.68,4.069,1.94,2.684,6.49,5.516,1.69,2.427,6.679,2.635,6.434,6.429,6.249,5.795,2.27,3.75,2.349,6.319,3.636,4.169,2.376,6.701,1.946,5.681,2.15,4.809,1.963,5.007,3.24,6.203,6.754,2.31,3.41,1.93,4.115,7.708,1.8,3.268,7.803,4.577,2.716,4.99,3.646,2.99,5.846,6.293,4.308,6.841,7.815,5.216,3.676,5.898,2.14,1.5,1.89,1.536,4.706,5.998,2.436,6.976,7.145,5.414,7.74,2.487,7.282,2.14,5.118,2.291,6.823,6.643,6.676,3.061,7.46,4.306,6.446,3.43,7.595,6.862,6.301,1.58,1.75,5.726,3.996,2.21,7.939,6.799,4.132,5.44,5.442,5.957,2.23,2.923,2.771,2.69,5.117,8.025777126099708,4.366,5.911,2.57,1.95,8.24,7.295,6.871,7.268,1.82,6.945,6.568,5.463,7.004,1.873,6.913,6.504,4.332,2.49,2.166,1.64,6.695,2.677,3.1572140957704917,7.41,4.758,6.896,7.111,3.897,6.389,5.683,5.085,5.471,3.169,5.772,4.758,3.499,6.987,7.209,1.94,2.896,1.79,5.536,4.498,4.494,3.199,3.268,5.262,5.936,6.378,4.961,8.504,4.942,7.333,6.845
18,2.425,7.599,7.467,3.946,6.093,3.359,2.656,2.573,1.949,1.6,3.73,7.259,1.69,6.843,7.148,6.516,2.15,5.151,3.063,2.095,2.06,6.109,1.541,5.61,4.195,2.121,4.389,6.584,6.435,6.018,1.768,1.51,1.514,2.892,2.716,7.669,6.562,6.441,6.21,4.074,7.097,6.564,3.662,1.874,2.402,2.079,2.33,1.38,6.654,3.108,1.67,4.644,7.14,4.989,5.717,6.607,2.54,2.02,7.296,1.64,4.048,1.89,2.597,6.398,5.568,1.75,2.399,6.611,2.666,6.467,6.421,6.32,5.804,2.28,3.675,2.197,6.261,3.35,4.031,2.272,6.604,1.946,5.673,2.06,4.715,1.939,4.888,3.21,6.332,6.693,2.35,3.354,1.84,3.965,7.58,1.79,3.165,7.746,4.494,3.338,4.996,3.419,2.64,5.698,6.298,4.196,6.884,7.714,5.064,3.724,5.851,2.08,1.48,1.87,1.561,4.497,5.874,2.394,6.898,7.137,5.254,7.644,2.448,7.296,2.05,5.024,2.238,6.669,6.61,6.665,2.99,7.48,4.2,6.384,3.428,7.662,6.921,6.186,1.58,1.77,5.719,3.995,2.07,7.989,6.783,3.999,5.305,5.393,5.879,2.21,2.9,2.793,2.45,5.064,7.9178266129032275,4.043,5.786,2.52,1.92,8.25,7.263,6.837,7.279,1.79,6.866,6.591,5.338,7.13,1.868,6.897,6.473,4.161,2.47,2.196,1.6,6.643,2.614,3.130370659368388,7.347,4.677,6.891,7.063,3.66,6.304,5.535,5.094,5.509,3.206,5.511,4.672,3.547,6.979,7.178,1.96,2.826,1.76,5.31,4.334,4.397,3.123,3.304,5.119,5.869,6.229,4.69,8.52,4.853,7.285,6.774
19,2.408,7.612,7.461,3.763,6.03,3.339,2.557,2.632,1.907,1.6,3.605,7.307,1.69,6.911,7.194,6.424,2.16,4.971,2.983,2.039,2.05,5.992,1.628,5.542,4.12,2.057,4.216,6.553,6.358,6.071,1.754,1.52,1.504,2.812,2.745,7.628,6.613,6.456,6.143,3.967,7.104,6.473,3.651,1.76,2.353,2.136,2.27,1.38,6.607,3.034,1.6,4.473,7.059,4.855,5.701,6.621,2.37,2.0,7.31,1.64,4.033,1.87,2.696,6.311,5.608,1.86,2.364,6.559,2.729,6.537,6.41,6.401,5.817,2.26,3.68,2.187,6.216,3.27,3.915,2.12,6.499,1.934,5.669,2.01,4.613,1.929,4.808,3.21,6.531,6.629,2.49,3.298,1.73,3.839,7.428,1.77,3.019,7.679,4.374,4.556,4.996,3.331,2.9,5.537,6.314,4.091,6.919,7.581,4.891,3.74,5.803,2.05,1.48,1.87,1.664,4.307,5.802,2.386,6.813,7.168,4.998,7.536,2.429,7.318,2.1,4.938,2.207,6.469,6.577,6.648,2.894,7.509,4.112,6.316,3.426,7.722,6.887,6.069,1.56,1.75,5.691,3.996,2.12,8.042,6.761,3.895,5.171,5.255,5.785,2.28,2.846,2.849,2.31,5.089,7.809876099706747,3.941,5.656,2.49,1.9,8.23,7.227,6.779,7.29,1.79,6.783,6.582,5.227,7.161,1.833,6.874,6.434,4.015,2.45,2.215,1.66,6.584,2.55,3.103527222966284,7.269,4.619,6.905,6.999,3.508,6.206,5.403,5.142,5.541,3.235,5.294,4.564,3.602,6.954,7.157,1.96,2.712,1.808,5.183,4.158,4.298,3.053,3.025,4.986,5.809,6.083,4.493,8.671,4.818,7.232,6.703
20,2.392,7.588,7.459,3.614,5.948,3.301,2.505,2.311,1.891,1.65,3.497,7.353,1.68,6.99,7.222,6.323,2.05,4.801,2.901,2.034,2.03,5.849,1.613,5.474,4.037,2.004,4.067,6.511,6.253,6.106,1.74,1.55,1.487,2.744,2.739,7.587,6.658,6.465,6.065,3.856,7.082,6.375,3.59,1.619,2.312,2.298,2.08,1.44,6.553,2.995,1.55,4.302,6.952,4.73,5.578,6.614,2.22,2.02,7.334,1.63,3.98,1.85,2.463,6.223,5.664,1.9,2.327,6.52,2.799,6.541,6.404,6.487,5.835,2.23,3.632,2.435,6.171,3.248,3.817,2.047,6.393,1.92,5.65,1.91,4.493,1.91,4.775,3.21,6.584,6.567,2.48,3.242,1.64,3.733,7.266,1.75,2.9,7.598,4.217,5.774,4.99,3.345,2.82,5.391,6.332,4.032,6.872,7.219,4.703,3.643,5.748,1.99,1.5,1.86,1.782,4.12,5.734,2.377,6.725,7.174,4.776,7.439,2.417,7.325,1.99,4.828,2.216,6.26,6.515,6.615,2.782,7.567,4.056,6.246,3.424,7.782,6.847,5.959,1.6,1.72,5.639,4.015,2.03,8.096,6.734,3.812,5.041,5.108,5.705,2.28,2.815,2.841,2.25,5.122,7.701925586510265,3.935,5.514,2.43,1.89,8.189,7.185,6.728,7.292,1.82,6.706,6.562,5.107,7.178,1.87,6.85,6.386,3.895,2.32,2.11,1.68,6.543,2.484,3.0766837865641796,7.155,4.551,6.908,6.936,3.362,6.11,5.253,5.219,5.553,3.238,5.105,4.426,3.677,6.906,7.134,1.95,2.587,1.8395,5.047,3.905,4.2,2.933,3.094,4.858,5.737,5.925,4.909,8.71,4.78,7.154,6.614
21,2.377,7.568,7.459,3.509,5.812,3.253,2.499,2.166,1.935,1.67,3.41,7.329,1.66,7.052,7.256,6.239,2.0,4.643,2.853,2.073,2.02,5.684,1.54,5.408,3.943,1.96,3.943,6.46,6.128,6.139,1.7,1.55,1.453,2.689,2.792,7.541,6.636,6.486,5.984,3.743,7.077,6.273,3.559,1.564,2.282,2.154,2.0,1.43,6.491,2.961,1.44,4.149,6.808,4.612,5.442,6.622,2.04,2.07,7.357,1.64,3.924,1.85,2.467,6.129,5.726,1.82,2.311,6.474,2.725,6.556,6.4,6.569,5.856,2.09,3.204,2.332,6.121,3.156,3.728,1.933,6.282,1.913,5.673,1.88,4.359,1.905,4.698,3.05,6.558,6.514,2.33,3.186,1.58,3.643,7.1,1.74,2.95,7.513,4.204,6.042,4.988,3.392,2.57,5.226,6.35,3.984,6.834,7.023,4.512,3.576,5.684,1.98,1.55,1.88,1.874,3.918,5.652,2.402,6.637,7.159,4.604,7.341,2.423,7.317,1.87,4.726,2.2,6.033,6.457,6.576,2.648,7.544,4.006,6.164,3.64,7.822,6.82,5.84,1.56,1.7,5.602,3.998,2.01,8.125,6.704,3.741,4.915,4.973,5.645,2.24,2.711,2.84,2.13,5.165,7.593975073313784,3.935,5.375,2.36,1.91,8.156,7.126,6.679,7.279,1.78,6.613,6.554,4.986,7.227,1.756,6.829,6.333,3.798,2.29,1.961,1.63,6.472,2.423,3.049840350162076,7.011,4.421,6.942,6.865,3.183,6.007,5.11,5.525,5.532,3.265,5.05,4.314,3.748,6.851,7.115,1.93,2.562,1.812,4.907,3.814,4.104,2.44,2.89,4.752,5.668,5.784,4.458,8.752,4.712,7.103,6.511
22,2.364,7.553,7.461,3.452,5.651,3.204,2.503,2.087,1.929,1.66,3.343,7.314,1.61,7.051,7.253,6.116,2.01,4.537,2.802,2.095,2.05,5.597,1.575,5.346,3.838,1.922,3.84,6.402,5.933,6.141,1.69,1.56,1.45,2.648,2.972,7.487,6.617,6.498,5.898,3.632,7.067,6.17,3.541,1.756,2.262,2.467,2.0,1.41,6.443,2.961,1.43,4.014,6.635,4.501,5.371,6.634,1.94,2.07,7.372,1.71,3.87,1.86,2.348,6.02,5.74,1.78,2.295,6.377,2.643,6.575,6.388,6.64,5.88,2.03,3.332,2.236,6.057,3.081,3.64,1.86,6.164,1.9,5.697,1.8,4.249,1.887,4.62,2.94,6.554,6.45,2.27,3.13,1.56,3.559,6.928,1.77,3.0,7.402,4.192,6.193,4.982,3.451,2.39,5.054,6.369,3.885,6.788,6.826,4.328,3.298,5.613,1.97,1.49,1.97,1.964,3.7,5.552,2.453,6.554,7.155,4.443,7.247,2.438,7.267,1.9,4.668,2.178,5.845,6.403,6.529,2.513,7.513,3.963,6.075,3.42,7.862,6.799,5.737,1.5,1.71,5.575,3.977,1.95,8.104,6.674,3.67,4.795,4.921,5.587,2.34,2.613,2.763,2.07,5.126,7.486024560117303,3.796,5.211,2.17,2.04,8.085,7.047,6.64,7.245,1.74,6.516,6.563,4.831,7.252,1.837,6.813,6.276,3.715,2.28,1.93,1.62,6.404,2.35,3.5,6.875,4.275,6.961,6.772,2.997,5.902,4.975,5.555,5.475,3.236,4.91,4.175,3.813,6.796,7.086,1.98,2.53,1.8275,4.813,3.723,4.014,2.306,2.952,4.621,5.593,5.661,4.731,8.793,4.696,7.063,6.382
23,2.353,7.537,7.462,3.361,5.481,3.159,2.572,2.116,1.924,1.56,3.293,7.298,1.57,7.034,7.251,5.891,2.01,4.44,2.737,2.085,2.11,5.393,1.751,5.289,3.723,1.889,3.751,6.336,5.746,6.124,1.68,1.52,1.451,2.619,2.559,7.423,6.605,6.548,5.811,3.527,7.046,6.068,3.528,1.788,2.253,2.499,1.97,1.33,6.387,3.165,1.38,3.947,6.436,4.395,5.334,6.646,1.8,2.16,7.383,1.74,3.799,1.86,2.161,5.894,5.759,1.77,2.309,6.311,2.566,6.586,6.378,6.694,5.903,1.94,3.447,2.054,5.976,3.219,3.548,1.722,6.048,1.88,5.656,1.75,4.095,1.878,4.565,2.74,6.511,6.389,2.24,3.106,1.51,3.477,6.768,1.8,3.04,7.263,4.179,6.296,4.954,3.248,2.06,4.849,6.376,3.789,6.76,6.63,4.161,3.093,5.542,2.1,1.43,2.07,2.036,3.522,5.354,2.579,6.477,7.153,4.291,7.144,2.402,7.23,1.92,4.615,2.15,5.653,6.391,6.479,2.394,7.435,3.918,5.999,3.33,7.902,6.775,5.611,1.47,1.66,5.555,3.966,1.92,8.022,6.644,3.611,4.68,4.883,5.563,2.42,2.456,2.687,1.95,5.087,7.378074046920823,3.743,5.057,2.06,2.11,7.987,6.949,6.597,7.189,1.61,6.416,6.573,4.669,7.277,1.829,7.134,6.217,3.64,2.28,1.81,1.61,6.334,2.277,2.9961534773578675,6.741,4.137,6.979,6.696,2.827,5.853,4.926,5.586,5.385,3.167,4.786,4.024,3.859,6.749,7.04,2.08,2.492,1.799,4.721,3.569,3.933,2.322,2.996,4.486,5.527,5.531,4.656,8.828,4.626,7.022,6.246
24,2.342,7.513,7.459,3.296,5.306,3.123,2.629,2.038,1.84,1.52,3.259,7.295,1.54,7.018,7.245,5.727,2.01,4.323,2.685,2.051,2.11,5.187,1.618,5.238,3.6,1.858,3.675,6.262,5.582,6.111,1.65,1.53,1.451,2.601,2.607,7.349,6.585,6.599,5.725,3.43,7.011,5.97,3.52,1.77,2.254,2.516,1.97,1.29,6.328,2.906,1.4,3.822,6.219,4.293,5.239,6.623,1.73,2.17,7.4,1.69,3.722,1.86,2.167,5.752,5.733,1.77,2.337,6.24,2.512,6.597,6.365,6.727,5.926,1.83,3.316,2.107,5.855,3.059,3.452,1.559,5.921,1.87,5.632,1.75,3.941,1.87,4.516,2.58,6.436,6.326,2.08,3.082,1.46,3.394,6.611,1.81,3.08,7.123,4.232,6.338,4.941,3.055,1.74,4.606,6.381,3.704,6.728,6.435,4.014,2.988,5.463,2.07,1.42,2.09,2.074,3.381,5.154,2.668,6.41,7.096,4.184,7.037,2.356,7.221,1.95,4.499,2.095,5.468,6.401,6.409,2.16,7.357,3.866,5.929,3.17,7.921,6.701,5.488,1.49,1.66,5.537,3.965,1.93,7.9,6.615,3.523,4.568,4.773,5.514,2.37,2.353,2.629,1.9,5.037,7.270123533724341,3.834,4.884,2.26,2.06,7.872,6.837,6.547,7.111,1.62,6.311,6.592,4.508,7.3,1.898,7.437,6.158,3.57,2.26,1.74,1.66,6.253,2.204,2.9693100409557633,6.606,4.033,7.015,6.616,2.664,5.803,4.872,5.614,5.266,3.073,4.669,3.894,3.901,6.669,7.004,2.09,2.476,1.8065,4.713,3.333,3.861,1.942,2.847,4.349,5.449,5.417,4.594,8.853,4.566,6.977,6.083
25,2.332,7.517,7.451,3.205,5.126,3.095,2.649,2.151,1.923,1.47,2.91,7.294,1.51,6.985,7.242,5.541,1.97,4.278,2.63,2.002,2.09,5.02,1.726,5.189,3.471,1.83,3.608,6.176,5.427,6.106,1.67,1.52,1.449,2.592,2.633,7.265,6.584,6.646,5.645,3.343,6.96,5.875,3.513,1.761,2.261,2.434,1.95,1.37,6.263,2.934,1.45,3.686,5.975,4.195,5.16,6.587,1.64,2.13,7.378,1.64,3.624,1.86,2.281,5.6,5.713,1.79,2.344,6.193,2.469,6.61,6.344,6.739,5.946,1.67,3.54,2.241,5.729,3.143,3.354,1.491,5.806,1.82,5.624,1.85,3.711,1.871,4.432,2.48,6.264,6.248,1.93,3.058,1.42,3.308,6.458,1.76,3.08,6.975,4.205,6.313,4.935,3.004,1.66,4.324,6.361,3.587,6.693,6.236,3.888,2.879,5.373,2.08,1.38,2.08,2.101,3.266,4.96,2.66,6.353,7.02,4.087,6.917,2.318,7.212,1.95,4.297,2.025,5.271,6.377,6.338,2.02,7.291,3.78,5.854,3.0,7.932,6.616,5.359,1.51,1.68,5.474,3.969,1.93,7.756,6.585,3.431,4.46,4.652,5.47,2.33,2.351,2.582,1.72,4.974,7.16217302052786,3.863,4.732,2.31,2.05,7.725,6.703,6.487,7.013,1.61,6.217,6.592,4.346,7.327,1.839,7.769,6.101,3.505,2.26,1.71,1.74,6.17,2.138,2.942466604553659,6.476,3.944,7.037,6.535,2.524,5.773,4.885,5.65,5.128,3.064,4.516,3.755,3.939,6.569,7.035,2.06,2.48,1.844,4.68,3.159,3.794,1.882,2.821,4.215,5.381,5.344,4.308,8.864,4.495,6.921,5.895
26,2.32,7.519,7.435,3.116,5.008,3.075,2.649,2.032,1.868,1.45,2.9,7.32,1.54,6.948,7.218,5.3,2.02,4.22,2.587,1.951,2.09,4.922,1.697,5.139,3.342,1.805,3.546,6.103,5.27,6.093,1.675,1.53,1.457,2.589,2.721,7.184,6.588,6.693,5.571,3.269,6.894,5.784,3.463,1.76,2.273,2.457,1.92,1.43,6.219,2.959,1.48,3.603,5.625,4.1,5.07,6.555,1.56,2.18,7.359,1.6,3.535,1.85,2.41,5.446,5.688,1.78,2.321,6.145,2.442,6.641,6.332,6.734,5.962,1.6,3.698,2.044,5.663,3.189,3.263,1.367,5.707,1.76,5.607,1.84,3.527,1.878,4.399,2.44,6.012,6.176,1.92,3.034,1.35,3.223,6.315,1.72,3.135,6.848,4.218,6.226,4.889,2.862,1.58,4.046,6.321,3.501,6.638,6.023,3.781,2.744,5.276,2.12,1.43,2.12,2.041,3.169,4.746,2.741,6.307,6.912,3.971,6.785,2.286,7.244,1.93,4.088,2.039,5.039,6.364,6.247,1.99,7.221,3.698,5.767,3.17,7.904,6.557,5.217,1.55,1.71,5.424,3.967,1.96,7.584,6.554,3.352,4.354,4.546,5.415,2.22,2.355,2.539,1.66,4.9,7.05422250733138,3.714,4.605,2.39,2.15,7.559,6.548,6.425,6.902,1.43,6.114,6.597,4.21,7.349,1.82,7.907,6.046,3.445,2.2,1.67,1.8,5.998,2.117,2.9156231681515554,6.326,3.83,7.067,6.461,2.411,5.734,4.861,5.672,4.989,2.978,4.358,3.629,3.964,6.475,7.081,2.08,2.472,1.8375,4.664,3.015,3.73,1.638,2.74,4.084,5.318,5.286,4.166,8.858,4.409,6.851,5.697
27,2.307,7.526,7.409,3.061,4.9,3.059,2.66,2.067,1.845,1.43,2.9026,7.38,1.54,6.896,7.168,5.073,1.96,4.089,2.529,1.911,2.03,4.82,1.715,5.087,3.234,1.782,3.488,5.999,5.06,6.102,1.68,1.52,1.472,2.59,2.76,7.078,6.563,6.741,5.487,3.208,6.817,5.695,3.397,1.802,2.285,2.389,1.91,1.43,6.171,2.797,1.5,3.528,5.327,4.007,4.989,6.52,1.49,2.27,7.338,1.59,3.497,1.83,2.362,5.299,5.667,1.81,2.253,6.086,2.422,6.667,6.293,6.717,5.974,1.5,3.772,2.083,5.639,3.139,3.186,1.311,5.604,1.64,5.593,1.82,3.42,1.889,4.311,2.32,5.69,6.099,2.06,3.01,1.33,3.142,6.118,1.69,3.19,6.682,4.146,6.097,4.822,2.769,1.53,3.803,6.273,3.431,6.572,5.79,3.683,2.657,5.161,2.11,1.4,2.15,1.943,3.084,4.538,2.775,6.287,6.79,3.803,6.636,2.272,7.245,1.97,3.889,2.04,4.85,6.34,6.164,2.05,7.149,3.595,5.672,3.25,7.871,6.504,5.073,1.56,1.74,5.362,3.966,2.03,7.371,6.518,3.27,4.247,4.521,5.359,2.15,2.328,2.456,1.62,4.818,6.946271994134898,3.62,4.542,2.38,2.22,7.39,6.36,6.355,6.785,1.62,5.99,6.609,4.184,7.373,1.834,7.947,5.992,3.391,2.14,1.65,1.84,5.816,2.104,3.0,6.134,3.709,7.105,6.385,2.289,5.658,4.8,5.682,4.864,2.837,4.1,3.497,3.971,6.399,7.119,2.05,2.416,1.872,4.5,2.927,3.665,1.657,2.845,3.938,5.245,5.19,3.753,8.833,4.352,6.773,5.504
28,2.291,7.531,7.373,3.004,4.785,3.042,2.68,2.132,1.831,1.45,2.8,7.383,1.57,6.847,7.109,4.844,1.97,3.965,2.478,1.873,2.031,4.783,1.772,5.028,3.112,1.765,3.428,5.88,4.852,6.081,1.68,1.57,1.489,2.591,2.539,6.963,6.5,6.73,5.395,3.158,6.725,5.603,3.336,1.853,2.297,2.477,1.94,1.46,6.117,3.016,1.56,3.5,5.059,3.917,4.871,6.467,1.45,2.27,7.303,1.69,3.457,1.81,2.572,5.167,5.623,1.82,2.232,5.96,2.411,6.664,6.261,6.693,5.982,1.5,3.429,2.317,5.621,3.083,3.127,1.4,5.496,1.79,5.566,1.81,3.331,1.895,4.222,2.17,5.387,6.018,2.26,2.948,1.36,3.069,5.933,1.66,3.13,6.505,4.007,5.944,4.754,2.744,1.55,3.627,6.21,3.4,6.507,5.533,3.589,2.565,5.046,2.02,1.51,2.11,1.838,3.018,4.327,2.631,6.214,6.61,3.65,6.438,2.234,7.259,2.06,3.711,1.993,4.682,6.304,6.106,2.14,7.022,3.508,5.58,3.1,7.841,6.498,4.931,1.55,1.84,5.312,3.958,2.1,7.135,6.476,3.198,4.138,4.486,5.302,2.13,2.307,2.414,1.61,4.73,6.838321480938417,3.751,4.494,2.3,2.12,7.227,6.17,6.282,6.577,1.96,5.883,6.588,4.108,7.398,1.832,8.012,5.938,3.345,2.13,1.63,1.96,5.612,2.082,2.861936295347347,5.886,3.597,7.154,6.302,2.192,5.57,4.62,5.716,4.763,2.682,3.851,3.387,3.956,6.371,7.105,2.02,2.506,1.934,4.28,2.862,3.597,1.525,2.804,3.814,5.158,5.089,3.948,8.786,4.18,6.675,5.288
29,2.272,7.533,7.328,2.942,4.672,3.022,2.706,2.199,1.838,1.45,2.8,7.387,1.58,6.797,7.047,4.676,1.9,3.897,2.484,1.821,2.026,4.762,1.734,4.963,3.01,1.75,3.363,5.757,4.651,6.06,1.77,1.56,1.506,2.589,2.52,6.844,6.437,6.735,5.305,3.117,6.618,5.504,3.267,1.827,2.304,2.371,1.87,1.42,6.055,2.948,1.62,3.475,4.826,3.829,4.685,6.413,1.4,2.22,7.271,1.71,3.427,1.79,2.706,5.052,5.55,1.79,2.259,5.829,2.421,6.655,6.238,6.663,5.986,1.4,3.583,2.299,5.559,3.065,3.089,1.296,5.395,1.63,5.532,1.82,3.223,1.909,4.132,2.08,5.108,5.944,2.19,2.886,1.33,3.003,5.731,1.57,2.82,6.323,3.875,5.723,4.7,2.78,1.56,3.465,6.153,3.391,6.434,5.256,3.495,2.558,4.904,1.98,1.52,2.05,1.814,2.952,4.139,2.467,6.177,6.376,3.55,6.238,2.202,7.275,2.1,3.637,1.95,4.445,6.275,6.076,2.23,6.907,3.399,5.47,2.97,7.818,6.494,4.762,1.55,1.89,5.253,3.961,2.12,6.874,6.425,3.148,4.026,4.376,5.243,2.08,2.386,2.35,1.57,4.639,6.730370967741936,3.488,4.373,2.22,2.01,7.058,5.997,6.231,6.479,1.75,5.775,6.571,4.022,7.424,1.733,7.993,5.884,3.304,2.07,1.52,2.01,5.414,2.055,2.8350928589452433,5.628,3.505,7.186,6.219,2.152,5.46,4.447,5.762,4.691,2.523,3.585,3.282,3.925,6.289,7.072,1.935,2.516,2.014,4.179,2.836,3.524,1.498,2.95,3.702,5.076,4.99,3.64,8.713,3.983,6.605,5.081
30,2.303,7.565,7.272,2.9,4.537,3.034,2.713,2.249,1.902,1.46,2.74,7.365,1.62,6.732,7.009,4.479,1.82,3.758,2.527,1.794,1.913,4.698,1.687,4.89,2.905,1.74,3.29,5.604,4.487,6.045,1.83,1.58,1.509,2.579,2.514,6.73,6.392,6.702,5.214,3.082,6.497,5.392,3.205,1.804,2.304,2.405,1.9,1.45,5.982,2.96,1.67,3.411,4.556,3.744,4.484,6.338,1.36,2.05,7.238,1.78,3.414,1.77,2.798,4.958,5.459,1.83,2.306,5.712,2.443,6.627,6.218,6.507,5.987,1.39,3.489,2.444,5.48,3.048,3.069,1.272,5.291,1.63,5.483,1.87,3.098,1.924,4.045,2.11,4.863,5.884,2.3,2.824,1.33,2.854,5.478,1.54,2.72,6.129,3.63,5.644,4.637,2.793,1.57,3.318,6.084,3.295,6.37,4.966,3.399,2.517,4.759,2.03,1.6,2.02,1.74,2.894,4.018,2.388,6.161,6.089,3.45,6.03,2.185,7.253,2.02,3.543,1.944,4.232,6.221,6.056,2.32,6.809,3.374,5.321,3.18,7.806,6.459,4.596,1.62,1.93,5.208,3.954,2.18,6.606,6.364,3.096,3.912,4.352,5.18,2.06,2.378,2.35,1.56,4.547,6.778,3.437,4.176,1.83,1.892,6.873,5.83,6.168,6.396,1.83,5.66,6.567,3.947,7.44,1.743,7.988,5.828,3.267,2.09,1.46,2.13,5.25,2.033,2.808249422543139,5.384,3.438,7.219,6.133,2.09,5.342,4.243,5.811,4.644,2.382,3.471,3.126,3.91,6.195,7.037,1.85,2.433,2.081,4.072,2.825,3.448,1.585,2.99,3.596,5.029,4.93,3.647,8.606,3.724,6.533,4.873
31,2.314,7.606,7.208,2.826,4.252,3.012,2.645,2.036,1.849,1.51,2.87,7.336,1.66,6.667,6.973,4.24,1.66,3.593,2.604,1.798,1.805,4.483,1.729,4.81,2.815,1.733,3.206,5.451,4.339,6.032,1.72,1.58,1.522,2.558,1.934,6.606,6.347,6.685,5.16,3.047,6.358,5.259,3.119,1.658,2.294,2.336,1.86,1.33,5.877,3.067,1.68,3.349,4.386,3.665,4.304,6.242,1.33,1.8,7.207,1.79,3.38,1.75,2.628,4.882,5.373,1.82,2.262,5.587,2.464,6.592,6.173,6.452,5.985,1.37,3.506,2.421,5.377,3.041,3.063,1.281,5.183,1.53,5.317,1.87,3.056,1.925,3.959,2.08,4.506,5.81,2.18,2.762,1.3,2.906,5.285,1.53,2.61,5.935,3.58,5.565,4.594,2.622,1.71,3.178,5.996,3.19,6.323,4.67,3.302,2.5,4.645,2.01,1.6,1.86,1.638,2.845,3.937,2.281,6.122,5.744,3.367,5.832,2.189,7.225,1.99,3.451,1.995,3.905,6.159,6.044,2.3,6.717,3.376,5.225,3.15,7.798,6.426,4.432,1.61,1.92,5.139,3.939,2.09,6.339,6.291,2.999,3.794,4.319,5.109,2.07,2.302,2.34,1.56,4.457,6.724,3.258,3.879,1.59,1.732,6.705,5.662,6.116,6.267,1.73,5.545,6.553,3.87,7.47,1.73,8.004,5.769,3.231,2.05,1.42,2.11,5.097,2.046,2.781405986141035,5.124,3.361,7.261,6.049,2.047,5.176,4.106,5.835,4.612,2.282,3.324,3.048,3.951,6.135,6.983,1.776,2.446,2.0625,4.199,2.823,3.37,1.703,3.102,3.476,4.992,4.892,3.441,8.459,3.618,6.447,4.714
32,2.277,7.665,7.138,2.767,4.09,2.987,2.508,2.126,1.888,1.51,2.74,7.301,1.65,6.596,6.936,4.026,1.55,3.519,2.793,1.773,1.764,4.348,1.708,4.713,2.719,1.728,3.111,5.267,4.229,5.975,1.71,1.58,1.541,2.478,1.776,6.456,6.29,6.667,5.111,3.01,6.205,5.102,3.037,1.561,2.276,2.461,1.71,1.29,5.774,3.281,1.76,3.287,4.257,3.591,4.253,6.156,1.31,1.71,7.157,1.85,3.355,1.74,2.524,4.82,5.289,1.79,2.134,5.465,2.484,6.553,6.105,6.402,5.984,1.36,3.323,2.607,5.314,3.034,3.066,1.347,5.089,1.48,5.208,1.77,2.942,1.826,3.877,1.99,4.082,5.72,2.21,2.7,1.3,2.952,5.107,1.5,2.5,5.746,3.52,5.447,4.527,2.448,1.76,3.068,5.882,3.081,6.277,4.381,3.203,2.483,4.522,1.97,1.64,1.73,1.567,2.81,3.806,2.218,6.08,5.396,3.292,5.627,2.12,7.181,2.07,3.363,2.001,3.524,6.099,6.044,2.37,6.648,3.381,5.067,2.99,7.795,6.391,4.267,1.59,1.88,5.044,3.914,2.06,6.045,6.207,2.95,3.673,4.242,5.033,1.95,2.29,2.292,1.54,4.368,6.633,3.15,3.77,1.51,1.552,6.607,5.493,6.053,6.149,1.72,5.445,6.555,3.815,7.5,1.678,7.999,5.704,3.195,1.93,1.33,2.09,4.949,2.097,2.696,4.945,3.268,7.296,5.947,2.026,4.965,3.962,5.867,4.583,2.205,3.175,2.936,4.0,6.078,6.96,1.674,2.423,2.046,4.004,2.829,3.292,1.681,3.204,3.322,4.95,4.888,2.871,8.272,3.479,6.364,4.567
33,2.226,7.719,7.065,2.707,3.817,2.966,2.315,2.036,1.859,1.5,2.7,7.272,1.61,6.506,6.889,3.852,1.46,3.415,2.728,1.741,1.623,4.198,1.691,4.592,2.672,1.725,3.007,5.072,4.13,5.94,1.69,1.51,1.548,2.43,1.691,6.306,6.194,6.644,5.057,2.967,6.052,4.921,2.964,1.491,2.252,2.247,1.67,1.28,5.663,3.102,1.75,3.226,4.059,3.524,4.103,6.069,1.26,1.49,7.125,1.81,3.315,1.73,2.509,4.766,5.186,1.76,2.012,5.362,2.498,6.492,6.043,6.323,5.981,1.32,3.109,2.578,5.254,3.027,3.071,1.342,4.995,1.52,5.099,1.68,2.882,1.823,3.799,1.9,3.683,5.64,2.22,2.8,1.25,2.962,4.955,1.46,2.3,5.574,3.2,5.274,4.457,2.402,1.654,2.988,5.75,2.97,6.246,4.109,3.104,2.406,4.366,1.74,1.7,1.51,1.48,2.778,3.612,2.105,6.041,5.045,3.216,5.461,2.098,7.123,1.96,3.282,1.969,3.163,6.025,6.044,2.21,6.585,3.369,4.891,2.86,7.79,6.354,4.102,1.57,1.86,5.002,3.879,2.04,5.761,6.112,2.909,3.552,4.148,4.962,1.87,2.307,2.248,1.52,4.282,6.496,3.085,3.738,1.43,1.385,6.51,5.319,5.961,6.049,1.74,5.375,6.569,3.734,7.526,1.702,8.005,5.635,3.156,1.87,1.33,1.99,4.774,2.14,2.7277191133368266,4.834,3.173,7.337,5.845,1.987,4.812,3.837,5.879,4.547,2.101,3.017,2.896,4.041,6.011,6.932,1.562,2.397,2.0195,3.8,2.802,3.218,1.816,3.096,3.143,4.894,4.874,2.728,8.048,3.372,6.318,4.386
34,2.125,7.717,6.99,2.707,3.765,2.935,2.167,2.069,1.842,1.47,2.52,7.23,1.56,6.413,6.843,3.774,1.37,3.263,2.482,1.705,1.533,3.999,1.684,4.494,2.617,1.725,2.897,4.866,4.009,5.933,1.69,1.49,1.545,2.377,1.628,6.161,6.082,6.668,5.0,2.918,5.897,4.72,2.888,1.461,2.223,2.167,1.44,1.24,5.529,2.874,1.81,3.163,3.846,3.461,3.967,6.005,1.19,1.42,7.076,1.85,3.273,1.73,2.392,4.716,5.044,1.74,1.917,5.19,2.518,6.409,6.037,6.258,5.978,1.33,3.035,2.527,5.191,3.026,3.074,1.355,4.891,1.47,4.991,1.64,2.838,1.9,3.723,1.85,3.271,5.528,2.14,2.9,1.21,2.939,4.807,1.5,2.28,5.446,2.9,5.052,4.418,2.35,1.656,2.997,5.548,2.868,6.21,3.859,3.001,2.343,4.217,1.57,1.72,1.39,1.42,2.763,3.468,1.989,5.99,4.674,3.127,5.308,2.224,7.065,1.84,3.192,1.959,2.947,5.958,5.924,2.25,6.508,3.356,4.671,2.7,7.786,6.319,3.937,1.57,1.87,4.907,3.849,1.98,5.472,6.008,2.877,3.432,4.072,4.87,1.81,2.278,2.203,1.45,4.196,6.338,2.943,3.661,1.4,1.4,6.408,5.142,5.874,5.915,1.71,5.314,6.557,3.66,7.544,1.66,7.989,5.562,3.115,1.67,1.32,1.88,4.623,2.157,2.700875676934723,4.715,3.087,7.31,5.745,1.945,4.766,3.67,5.912,4.501,2.023,2.856,2.852,4.034,5.927,6.928,1.468,2.415,2.0015,3.537,2.74,3.147,1.646,3.044,2.92,4.824,4.85,2.603,7.795,3.258,6.274,4.27
35,2.19,7.712,6.918,2.685,3.274,2.864,2.055,2.159,1.822,1.42,2.29,7.184,1.56,6.314,6.814,3.605,1.23,3.127,2.504,1.676,1.406,3.948,1.679,4.409,2.579,1.727,2.785,4.624,3.803,5.972,1.67,1.48,1.54,2.303,1.588,6.089,5.955,6.712,4.973,2.862,5.784,4.505,2.804,1.471,2.194,2.033,1.28,1.25,5.34,2.673,1.8,3.101,3.456,3.403,3.844,5.939,1.16,1.38,7.008,1.81,3.267,1.74,2.456,4.655,4.884,1.71,1.853,5.067,2.536,6.335,6.008,6.172,5.971,1.28,2.989,2.512,5.105,3.024,3.074,1.295,4.758,1.58,4.884,1.57,2.798,1.822,3.651,1.84,2.885,5.398,2.08,2.9,1.19,2.881,4.662,1.42,2.26,5.366,3.1,4.824,4.385,2.36,1.634,3.046,5.346,2.781,6.173,3.636,2.892,2.295,4.143,1.55,1.7,1.25,1.341,2.742,3.33,1.831,5.946,4.32,3.038,5.147,2.131,6.989,1.77,3.11,1.967,2.789,5.895,5.851,2.14,6.416,3.322,4.426,2.59,7.776,6.273,3.775,1.53,1.87,4.785,3.822,1.98,5.19,5.894,2.852,3.315,4.042,4.78,1.62,2.248,2.164,1.41,4.108,6.175,2.78,3.573,1.33,1.337,6.324,4.952,5.788,5.819,1.67,5.243,6.555,3.577,7.581,1.686,7.962,5.487,3.072,1.52,1.29,1.73,4.487,2.16,2.6740322405326187,4.574,2.992,7.29,5.646,1.898,4.658,3.507,5.936,4.447,1.931,2.673,2.792,4.024,5.865,6.917,1.398,2.401,1.978,3.596,2.665,3.082,1.716,2.717,2.664,4.765,4.802,2.6,7.525,3.172,6.241,4.154
36,2.153,7.709,6.851,2.615,3.232,2.781,1.97,2.266,1.796,1.45,2.06,7.123,1.59,6.261,6.779,3.504,1.23,3.007,2.36,1.651,1.335,3.852,1.698,4.336,2.516,1.732,2.677,4.369,3.6,5.989,1.63,1.5,1.538,2.245,1.554,6.005,5.828,6.72,4.966,2.802,5.69,4.287,2.71,1.437,2.172,1.953,1.18,1.3,5.153,2.519,1.75,3.04,3.136,3.345,3.733,5.841,1.14,1.37,6.923,1.78,3.262,1.75,2.584,4.617,4.742,1.73,1.792,4.931,2.52,6.249,5.956,6.092,5.96,1.26,2.987,2.493,5.008,3.033,3.069,1.191,4.639,1.67,4.777,1.46,2.77,1.717,3.582,1.88,2.566,5.285,2.12,2.9,1.2,2.674,4.512,1.43,2.13,5.306,2.8,4.594,4.39,2.325,1.574,3.059,5.148,2.736,6.129,3.439,2.772,2.238,4.071,1.49,1.77,1.16,1.254,2.736,3.219,1.725,5.888,3.931,2.956,5.017,2.061,6.95,1.99,3.043,1.944,2.618,5.85,5.713,2.12,6.314,3.281,4.212,2.65,7.762,6.217,3.62,1.53,1.89,4.595,3.815,1.96,4.895,5.771,2.83,3.203,3.967,4.728,1.59,1.94,2.107,1.44,4.014,5.997,2.718,3.5,1.3,1.27,6.251,4.769,5.707,5.723,1.66,5.118,6.552,3.482,7.621,1.644,7.985,5.414,3.03,1.47,1.28,1.6,4.347,2.129,2.6471888041305145,4.428,2.896,7.292,5.543,1.893,4.441,3.336,5.941,4.433,1.874,2.505,2.793,4.019,5.848,6.894,1.335,2.364,1.976,3.32,2.569,3.022,1.802,2.559,2.444,4.688,4.739,2.599,7.02,2.991,6.183,4.109
37,2.144,7.667,6.789,2.497,3.062,2.706,1.892,2.19,1.778,1.39,2.07,7.04,1.6,6.204,6.724,3.491,1.09,2.936,2.399,1.677,1.25,3.854,1.692,4.219,2.465,1.74,2.578,4.088,3.458,5.96,1.57,1.48,1.535,2.177,1.527,5.951,5.723,6.729,4.962,2.742,5.593,4.074,2.64,1.563,2.16,1.858,1.17,1.35,4.957,2.392,1.75,2.953,2.897,3.288,3.654,5.743,1.15,1.32,6.85,1.75,3.2,1.77,2.514,4.55,4.657,1.72,1.742,4.865,2.335,6.162,5.922,6.008,5.941,1.27,2.989,2.69,4.906,3.035,3.061,1.127,4.527,1.69,4.669,1.37,2.738,1.812,3.514,1.93,2.333,5.244,2.04,2.94,1.22,2.659,4.337,1.39,2.0,5.26,2.6,4.391,4.325,2.393,1.537,2.971,4.964,2.659,6.079,3.265,2.641,2.182,3.993,1.47,1.71,1.11,1.163,2.734,3.12,1.759,5.801,3.572,2.869,4.886,1.916,6.911,1.93,2.963,1.928,2.469,5.885,5.66,2.04,6.258,3.213,4.154,2.67,7.759,6.138,3.473,1.56,1.86,4.393,3.778,1.96,4.616,5.642,2.81,3.099,3.899,4.679,1.51,1.9,2.031,1.47,3.911,5.821,2.591,3.433,1.32,1.218,6.176,4.592,5.596,5.639,1.61,4.987,6.531,3.377,7.662,1.559,7.965,5.345,2.99,1.43,1.25,1.52,4.207,2.07,2.1,4.283,2.808,7.274,5.441,1.864,4.317,3.213,5.955,4.369,1.822,2.359,2.716,3.997,5.838,6.906,1.272,2.328,1.971,3.082,2.489,2.967,2.029,2.727,2.29,4.632,4.66,2.571,6.83,2.734,6.117,4.063
38,1.957,7.642,6.732,2.397,2.907,2.662,1.791,2.017,1.762,1.37,2.0,6.958,1.6,6.097,6.661,3.393,1.11,2.889,2.335,1.554,1.3,3.785,1.799,4.149,2.409,1.75,2.489,3.853,3.396,5.934,1.56,1.47,1.528,2.112,1.522,5.896,5.668,6.73,4.926,2.683,5.492,3.876,2.534,1.588,2.16,1.764,1.16,1.36,4.777,2.333,1.72,2.873,2.712,3.228,3.617,5.633,1.13,1.28,6.753,1.7,3.128,1.78,2.336,4.479,4.576,1.71,1.687,4.836,2.178,6.076,5.93,5.898,5.914,1.24,2.652,2.457,4.8,3.045,3.05,1.016,4.448,1.45,4.561,1.32,2.655,1.9,3.446,1.94,2.197,5.154,2.05,2.98,1.22,2.594,4.164,1.38,1.8,5.246,2.7,4.139,4.253,2.376,1.464,2.878,4.776,2.6,6.017,3.109,2.499,2.116,3.855,1.46,1.68,1.09,1.073,2.727,3.009,1.651,5.675,3.254,2.8,4.787,1.894,6.892,1.84,2.889,1.952,2.363,5.86,5.574,1.97,6.235,3.119,4.152,2.54,7.762,6.069,3.339,1.63,1.81,4.235,3.726,1.89,4.344,5.508,2.789,3.002,3.848,4.632,1.44,1.9,2.008,1.47,3.798,5.695,2.487,3.342,1.32,1.232,6.116,4.419,5.504,5.581,1.48,4.903,6.495,3.357,7.647,1.195,7.817,5.282,2.955,1.37,1.23,1.5,4.098,1.992,2.04,4.177,2.721,7.266,5.384,1.784,4.281,3.102,5.963,4.328,1.797,2.219,2.67,3.956,5.789,6.887,1.211,2.262,1.999,2.815,2.416,2.915,1.501,2.501,2.169,4.575,4.609,2.589,6.638,2.63,6.049,4.032
39,1.869,7.599,6.683,2.318,2.793,2.643,1.709,1.956,1.755,1.34,2.07,6.897,1.62,5.998,6.586,3.304,1.23,2.869,2.133,1.37,1.31,3.714,1.807,4.09,2.331,1.762,2.413,3.607,3.342,5.933,1.55,1.48,1.51,2.044,1.53,5.847,5.629,6.721,4.853,2.627,5.372,3.697,2.48,1.618,2.171,1.674,1.13,1.36,4.67,2.554,1.73,2.865,2.624,3.166,3.524,5.516,1.17,1.3,6.646,1.73,3.073,1.81,2.325,4.395,4.502,1.68,1.629,4.838,2.041,6.009,5.871,5.793,5.878,1.23,2.536,2.415,4.687,3.026,3.036,0.981,4.361,1.38,4.452,1.28,2.578,1.798,3.383,1.9,2.099,5.056,1.99,2.965,1.23,2.447,4.037,1.34,1.8,5.181,2.6,3.922,4.158,2.327,1.425,2.791,4.655,2.55,5.953,2.97,2.35,2.138,3.736,1.46,1.74,1.16,0.991,2.722,2.871,1.56,5.549,2.961,2.766,4.697,1.775,6.882,1.73,2.825,1.994,2.302,5.833,5.538,2.05,6.152,3.037,4.11,2.48,7.752,6.082,3.218,1.65,1.85,4.083,3.684,1.97,4.126,5.393,2.767,2.917,3.788,4.587,1.37,2.0,1.99,1.5,3.678,5.575,2.582,3.27,1.3,1.157,6.013,4.247,5.447,5.573,1.47,4.821,6.423,3.259,7.632,1.257,7.672,5.226,2.923,1.33,1.21,1.5,4.066,1.909,2.04,4.082,2.621,7.262,5.335,1.664,4.127,2.995,5.97,4.203,1.788,2.099,2.592,3.887,5.734,6.875,1.127,2.22,2.0075,2.72,2.375,2.867,1.784,2.377,2.095,4.516,4.555,2.641,6.511,2.559,5.987,4.009
40,1.904,7.534,6.639,2.231,2.733,2.591,1.603,2.196,1.756,1.36,2.0,6.872,1.67,5.89,6.519,3.218,1.26,2.778,2.097,1.283,1.317,3.634,1.74,3.991,2.255,1.775,2.346,3.414,3.312,5.915,1.51,1.5,1.487,1.987,1.628,5.814,5.53,6.718,4.764,2.572,5.297,3.539,2.412,1.581,2.19,1.637,1.15,1.38,4.578,2.351,1.77,2.859,2.566,3.102,3.442,5.397,1.22,1.36,6.56,1.73,3.026,1.89,2.582,4.279,4.469,1.64,1.601,4.854,1.919,5.936,5.801,5.72,5.834,1.25,2.582,2.329,4.583,3.007,3.017,1.032,4.237,1.39,4.39,1.32,2.536,1.694,3.35,1.89,2.016,4.948,2.08,2.95,1.26,2.21,3.921,1.36,1.8,5.137,2.4,3.772,4.065,2.196,1.48,2.737,4.4,2.499,5.875,2.851,2.202,2.191,3.658,1.39,1.76,1.25,0.912,2.714,2.796,1.499,5.403,2.71,2.716,4.592,1.861,6.874,1.68,2.785,2.065,2.255,5.812,5.459,1.99,6.036,2.914,3.975,2.59,7.732,6.124,3.111,1.72,1.85,3.944,3.642,1.98,3.893,5.257,2.744,2.845,3.714,4.525,1.37,2.0485,1.969,1.55,3.553,5.443,2.596,3.227,1.31,1.195,5.924,4.115,5.38,5.498,1.6,4.756,6.355,3.14,7.61,1.48,7.513,5.176,2.895,1.3,1.26,1.54,3.996,1.85,2.08,4.001,2.511,7.249,5.269,1.612,4.006,2.898,5.98,4.108,1.769,2.049,2.505,3.807,5.686,6.832,1.116,2.168,2.056,2.58,2.34,2.822,1.866,2.06,2.072,4.48,4.514,2.66,6.318,2.413,5.926,3.974
41,1.833,7.446,6.601,2.15,2.621,2.531,1.544,2.018,1.739,1.33,1.8,6.849,1.67,5.824,6.431,3.146,1.21,2.664,2.088,1.232,1.286,3.554,1.75,3.89,2.183,1.785,2.284,3.232,3.261,5.851,1.54,1.38,1.475,1.961,1.563,5.756,5.443,6.7,4.712,2.516,5.254,3.399,2.325,1.563,2.212,1.563,1.15,1.35,4.496,2.542,1.74,2.812,2.507,3.037,3.394,5.306,1.23,1.32,6.463,1.73,2.999,1.9,2.336,4.116,4.417,1.63,1.57,4.794,1.8,5.85,5.752,5.63,5.785,1.25,2.512,2.51,4.502,2.957,2.992,0.931,4.098,1.46,4.248,1.31,2.497,1.778,3.303,1.94,1.94,4.837,1.95,2.92,1.25,2.173,3.853,1.33,1.9,5.091,2.4,3.652,3.958,2.086,1.309,2.715,4.209,2.462,5.774,2.971,2.06,2.261,3.657,1.29,1.66,1.22,0.84,2.705,2.715,1.463,5.323,2.519,2.669,4.489,1.735,6.852,1.48,2.783,1.854,2.195,5.778,5.38,1.91,5.993,2.757,3.827,2.43,7.695,6.139,3.019,1.71,1.78,3.763,3.588,1.97,3.69,5.123,2.72,2.744,3.718,4.469,1.31,1.9346,1.981,1.45,3.431,5.315,2.521,3.181,1.27,1.223,5.844,3.91,5.327,5.412,1.41,4.692,6.305,2.977,7.582,1.58,7.369,5.131,2.868,1.2,1.21,1.57,3.9,1.8,1.98,4.007,2.416,7.231,5.23,1.588,3.884,2.791,6.013,4.072,1.746,1.997,2.532,3.744,5.665,6.81,1.078,2.132,2.0305,2.46,2.298,2.779,1.505,1.9,2.051,4.444,4.465,2.622,6.114,2.373,5.862,3.954
42,1.763,7.339,6.567,2.036,2.54,2.493,1.525,1.94,1.756,1.39,1.8,6.819,1.65,5.777,6.339,3.084,1.23,2.69,1.998,1.23,1.24,3.465,1.77,3.802,2.103,1.793,2.22,3.078,3.181,5.836,1.52,1.39,1.469,1.935,1.566,5.705,5.458,6.672,4.719,2.458,5.206,3.271,2.2,1.608,2.23,1.498,1.17,1.34,4.379,2.276,1.72,2.774,2.456,2.972,3.318,5.233,1.25,1.36,6.374,1.72,2.976,1.88,2.559,3.961,4.36,1.63,1.563,4.723,1.666,5.793,5.728,5.612,5.731,1.28,2.455,2.566,4.371,2.706,2.961,0.941,3.956,1.42,4.125,1.3,2.456,1.853,3.217,1.97,1.865,4.706,1.93,2.89,1.27,2.149,3.832,1.32,2.0,5.016,2.4,3.555,3.847,2.038,1.178,2.693,4.037,2.41,5.653,2.911,1.933,2.275,3.677,1.23,1.63,1.26,0.8,2.687,2.67,1.437,5.225,2.413,2.623,4.378,1.789,6.821,1.45,2.782,1.801,2.13,5.734,5.287,1.94,5.96,2.602,3.716,2.33,7.671,6.135,2.941,1.73,1.75,3.59,3.533,1.89,3.501,5.008,2.698,2.693,3.656,4.419,1.25,1.8317,1.943,1.46,3.315,5.186,2.427,3.042,1.27,1.286,5.752,3.706,5.248,5.311,1.37,4.626,6.23,2.809,7.578,1.57,7.191,5.09,2.84,1.19,1.21,1.65,3.805,1.753,2.04,3.948,2.322,7.201,5.194,1.567,3.767,2.686,6.022,4.137,1.718,1.969,2.323,3.694,5.623,6.779,1.095,2.142,2.0205,2.52,2.215,2.739,1.24,2.21,2.063,4.364,4.429,2.533,5.937,2.324,5.792,3.887
43,1.747,7.22,6.533,1.978,2.491,2.451,1.534,1.887,1.748,1.38,1.9,6.785,1.67,5.77,6.28,3.002,1.26,2.727,1.921,1.22,1.232,3.321,1.8,3.721,2.023,1.797,2.154,2.916,3.11,5.852,1.55,1.39,1.497,1.873,1.57,5.642,5.463,6.64,4.7,2.395,5.149,3.151,2.137,1.589,2.241,1.509,1.18,1.34,4.247,2.169,1.76,2.721,2.481,2.911,3.261,5.143,1.3,1.37,6.24,1.76,2.956,1.89,2.54,3.82,4.299,1.7,1.55,4.627,1.659,5.737,5.699,5.566,5.675,1.29,2.409,2.372,4.25,2.782,2.924,0.901,3.815,1.41,4.038,1.27,2.428,1.767,3.122,1.96,1.824,4.615,1.99,2.95,1.29,2.13,3.838,1.29,2.03,4.907,2.5,3.442,3.744,2.004,1.191,2.691,3.911,2.345,5.547,2.857,1.826,2.276,3.635,1.26,1.62,1.32,0.792,2.666,2.632,1.48,5.172,2.344,2.579,4.292,1.744,6.782,1.48,2.704,1.861,2.051,5.733,5.229,1.87,5.942,2.526,3.619,2.27,7.654,6.116,2.874,1.75,1.8,3.457,3.5,1.93,3.346,4.88,2.679,2.661,3.604,4.362,1.22,1.7624,1.914,1.44,3.21,5.019,2.266,2.906,1.3,1.319,5.674,3.502,5.172,5.252,1.27,4.572,6.087,2.675,7.547,1.59,6.851,5.049,2.811,1.2,1.2,1.71,3.757,1.723,2.06,3.899,2.225,7.179,5.145,1.568,3.606,2.665,5.951,4.194,1.705,1.979,2.231,3.642,5.605,6.702,1.172,2.101,2.0475,2.36,2.14,2.701,1.306,2.07,2.026,4.294,4.4,2.28,5.819,2.358,5.726,3.821
44,1.683,7.069,6.499,1.89,2.384,2.43,1.541,1.852,1.768,1.42,2.0535,6.746,1.72,5.721,6.216,2.914,1.33,2.71,1.932,1.219,1.233,3.207,1.78,3.633,2.002,1.795,2.086,2.893,3.073,5.827,1.56,1.42,1.519,1.826,1.605,5.545,5.45,6.618,4.687,2.33,5.095,3.038,2.078,1.517,2.242,1.517,1.23,1.36,4.113,2.125,1.78,2.664,2.512,2.853,3.181,5.036,1.31,1.47,6.107,1.8,2.924,1.92,2.592,3.706,4.252,1.75,1.592,4.531,1.678,5.719,5.705,5.5,5.618,1.31,2.373,2.415,4.134,2.913,2.883,0.922,3.677,1.43,3.939,1.28,2.418,1.762,3.046,1.93,1.796,4.575,2.04,2.9,1.34,2.127,3.801,1.29,2.21,4.83,2.6,3.345,3.781,1.964,1.164,2.686,3.808,2.27,5.506,2.808,1.74,2.267,3.519,1.27,1.66,1.29,0.8,2.631,2.598,1.539,5.133,2.284,2.536,4.209,1.529,6.741,1.4,2.621,1.751,2.017,5.667,5.192,1.92,5.93,2.415,3.58,2.18,7.634,6.085,2.816,1.72,1.83,3.311,3.487,1.98,3.2,4.754,2.691,2.673,3.543,4.283,1.23,1.7822,1.962,1.4,3.119,4.942,2.202,2.749,1.33,1.344,5.573,3.337,5.094,5.184,1.26,4.518,5.919,2.546,7.522,1.57,6.517,5.007,2.781,1.25,1.25,1.75,3.731,1.702,2.01,3.857,2.128,7.16,5.075,1.566,3.529,2.648,5.85,4.206,1.685,1.976,2.224,3.62,5.607,6.653,1.218,2.09,2.0515,2.46,2.087,2.664,1.505,2.17,2.014,4.226,4.382,2.461,5.712,2.436,5.715,3.738
45,1.777,6.905,6.461,1.803,2.204,2.426,1.54,1.832,1.807,1.41,2.0,6.708,1.76,5.676,6.182,2.808,1.37,2.619,2.05,1.203,1.252,3.129,1.76,3.558,1.974,1.788,2.022,2.798,3.08,5.849,1.58,1.42,1.542,1.803,1.624,5.46,5.407,6.597,4.663,2.263,5.03,2.933,2.044,1.468,2.235,1.48,1.29,1.34,3.992,2.105,1.8,2.605,2.555,2.8,3.151,4.934,1.33,1.52,5.973,1.8,2.885,1.94,2.637,3.598,4.21,1.76,1.61,4.538,1.697,5.698,5.719,5.454,5.559,1.34,2.344,2.377,3.974,2.763,2.84,0.959,3.545,1.5,3.833,1.31,2.433,1.851,2.958,1.86,1.775,4.475,2.05,2.84,1.34,2.063,3.779,1.26,2.22,4.784,2.5,3.244,3.799,1.931,1.085,2.662,3.673,2.203,5.519,2.765,1.675,2.283,3.438,1.29,1.63,1.39,0.834,2.592,2.568,1.531,5.095,2.235,2.495,4.129,1.5,6.716,1.38,2.552,1.69,2.028,5.609,5.19,1.88,5.91,2.328,3.56,2.2,7.615,6.068,2.767,1.71,1.84,3.142,3.501,1.97,3.049,4.637,2.665,2.686,3.49,4.22,1.24,1.7702,1.955,1.41,3.04,4.844,2.188,2.578,1.4,1.294,5.436,3.242,5.039,5.186,1.26,4.475,5.807,2.455,7.484,1.45,6.171,4.964,2.749,1.27,1.26,1.77,3.682,1.705,2.2,3.814,2.037,7.134,5.069,1.585,3.438,2.658,5.705,4.179,1.68,1.981,2.224,3.632,5.61,6.572,1.213,2.097,2.057,2.36,2.065,2.629,1.341,2.24,1.962,4.158,4.374,2.609,5.577,2.512,5.71,3.665
46,1.909,6.722,6.419,1.724,2.072,2.4,1.349,1.831,1.908,1.41,1.97,6.659,1.8,5.636,6.17,2.712,1.44,2.455,1.786,1.186,1.335,2.982,1.76,3.533,1.927,1.775,1.969,2.669,3.091,5.867,1.63,1.44,1.579,1.803,1.644,5.376,5.354,6.59,4.656,2.198,4.955,2.839,2.014,1.39,2.1,1.515,1.34,1.33,3.855,2.158,1.85,2.533,2.604,2.753,3.109,4.881,1.36,1.58,5.853,1.84,2.911,2.0,2.503,3.489,4.17,1.82,1.622,4.41,1.713,5.659,5.757,5.417,5.498,1.4,2.321,2.256,3.845,2.942,2.797,0.984,3.419,1.47,3.735,1.34,2.453,1.894,2.864,1.91,1.771,4.436,2.08,2.88,1.37,2.069,3.802,1.32,2.36,4.748,2.7,3.145,3.837,1.902,1.132,2.603,3.597,2.157,5.53,2.699,1.63,2.344,3.43,1.33,1.65,1.46,0.874,2.554,2.559,1.541,5.056,2.231,2.456,4.056,1.46,6.688,1.36,2.504,1.73,2.13,5.55,5.186,1.77,5.841,2.268,3.535,2.29,7.579,6.081,2.725,1.72,1.9,2.974,3.542,2.01,2.921,4.526,2.636,2.686,3.486,4.148,1.27,1.7123,1.958,1.37,2.97,4.721,2.218,2.426,1.42,1.305,5.28,3.208,5.044,5.198,1.28,4.477,5.737,2.393,7.458,1.43,5.82,4.919,2.717,1.25,1.31,1.85,3.617,1.764,2.11,3.762,1.953,7.118,5.078,1.571,3.385,2.665,5.564,4.141,1.692,1.977,2.227,3.717,5.563,6.481,1.31,2.07,2.108,2.39,2.055,2.595,1.232,2.03,1.904,4.121,4.373,2.429,5.425,2.548,5.686,3.62
47,1.928,6.53,6.372,1.671,1.99,2.37,1.418,1.86,1.959,1.38,1.97,6.588,1.82,5.563,6.11,2.626,1.49,2.289,1.852,1.252,1.429,2.874,1.76,3.447,1.881,1.757,1.933,2.59,3.082,5.892,1.67,1.46,1.616,1.826,1.666,5.296,5.331,6.582,4.666,2.137,4.882,2.757,2.012,1.428,2.0,1.451,1.45,1.37,3.724,2.094,1.84,2.51,2.677,2.711,3.12,4.812,1.38,1.69,5.74,1.83,2.886,1.98,2.566,3.409,4.142,1.86,1.674,4.307,1.736,5.617,5.734,5.399,5.433,1.41,2.301,2.299,3.716,3.034,2.755,1.028,3.296,1.48,3.643,1.32,2.491,1.939,2.784,2.01,1.768,4.371,2.09,2.9,1.4,1.908,3.847,1.34,2.47,4.719,2.7,3.084,3.879,1.871,1.259,2.516,3.494,2.11,5.462,2.648,1.598,2.327,3.441,1.36,1.61,1.54,0.918,2.514,2.55,1.574,4.997,2.295,2.421,3.966,1.46,6.655,1.35,2.479,1.8,2.297,5.513,5.153,1.74,5.736,2.227,3.552,2.2,7.559,6.08,2.689,1.72,1.9,2.843,3.632,2.18,2.813,4.51,2.63,2.666,3.444,4.076,1.31,1.6505,1.956,1.35,2.907,4.614,2.133,2.343,1.45,1.416,5.1,3.177,5.065,5.11,1.29,4.442,5.643,2.335,7.42,1.38,5.638,4.872,2.687,1.27,1.38,1.88,3.564,1.565,2.24,3.696,1.876,7.092,5.092,1.578,3.367,2.676,5.399,4.093,1.709,1.989,2.195,3.602,5.485,6.379,1.345,2.048,2.12,2.554,2.081,2.562,1.312,2.51,1.913,4.124,4.391,2.357,5.266,2.545,5.609,3.652
48,1.935,6.376,6.32,1.648,1.917,2.341,1.441,2.042,1.984,1.42,1.9,6.515,1.85,5.483,6.05,2.535,1.56,2.172,1.99,1.276,1.488,2.799,1.77,3.364,1.842,1.735,1.918,2.496,3.066,5.914,1.7,1.48,1.648,1.85,1.701,5.221,5.278,6.578,4.733,2.081,4.826,2.687,2.021,1.575,2.2,1.48,1.51,1.38,3.589,2.027,1.89,2.533,2.753,2.675,3.101,4.737,1.45,1.72,5.571,1.85,2.859,2.01,2.579,3.345,4.118,1.91,1.762,4.25,1.762,5.558,5.708,5.274,5.363,1.5,2.282,2.247,3.571,3.02,2.718,1.064,3.177,1.47,3.567,1.35,2.479,2.066,2.718,2.06,1.767,4.342,2.15,2.96,1.45,1.89,3.892,1.37,2.68,4.646,2.8,2.969,3.905,1.833,1.192,2.422,3.375,2.081,5.328,2.599,1.574,2.275,3.408,1.45,1.61,1.58,0.947,2.481,2.549,1.638,4.933,2.359,2.391,3.862,1.47,6.642,1.43,2.428,1.89,2.446,5.579,5.153,1.67,5.605,2.244,3.587,2.2,7.539,6.078,2.657,1.77,1.96,2.719,3.722,2.19,2.806,4.432,2.631,2.628,3.404,4.015,1.39,1.6516,1.977,1.39,2.846,4.497,2.193,2.276,1.6,1.502,4.901,3.057,5.074,5.051,1.28,4.411,5.563,2.291,7.387,1.4,5.552,4.825,2.659,1.34,1.53,1.91,3.536,1.735,2.33,3.613,1.808,7.063,5.052,1.579,3.388,2.712,5.225,4.027,1.713,2.011,2.178,3.549,5.425,6.251,1.458,2.03,2.072,2.637,2.137,2.53,1.282,2.44,1.92,4.138,4.469,2.444,5.129,2.679,5.537,3.774
49,1.919,6.235,6.26,1.647,1.852,2.344,1.551,2.006,1.971,1.39,1.82,6.409,1.84,5.436,5.992,2.44,1.66,2.087,2.009,1.299,1.509,2.701,1.76,3.287,1.825,1.711,1.921,2.381,3.045,5.922,1.69,1.5,1.651,1.855,1.714,5.152,5.227,6.591,4.792,2.033,4.791,2.629,1.982,1.688,2.1,1.481,1.51,1.36,3.487,1.96,1.84,2.556,2.813,2.643,3.108,4.656,1.38,1.7,5.39,1.86,2.806,2.0,2.375,3.295,4.138,1.89,1.871,4.214,1.797,5.508,5.685,5.152,5.288,1.5,2.262,2.359,3.465,2.987,2.684,1.055,3.063,1.5,3.508,1.32,2.459,2.19,2.673,2.06,1.766,4.362,2.23,2.96,1.45,1.864,3.842,1.37,2.55,4.514,2.9,2.871,3.889,1.8,1.149,2.34,3.264,2.085,5.174,2.556,1.555,2.224,3.318,1.5,1.59,1.46,0.986,2.434,2.578,1.704,4.87,2.366,2.364,3.757,1.5,6.611,1.42,2.391,1.98,2.533,5.626,5.084,1.59,5.453,2.217,3.613,2.2,7.513,6.039,2.628,1.79,1.98,2.604,3.827,2.13,2.841,4.36,2.613,2.607,3.363,3.941,1.4,1.6528,1.951,1.34,2.787,4.412,2.146,2.176,1.66,1.542,4.716,2.952,5.05,5.081,1.22,4.393,5.448,2.261,7.34,1.44,5.465,4.776,2.633,1.44,1.53,1.94,3.473,1.713,2.38,3.514,1.736,7.021,5.034,1.567,3.43,2.769,5.037,3.955,1.69,2.046,2.162,3.503,5.357,6.174,1.473,2.018,2.002,2.53,2.154,2.5,1.227,2.37,1.906,4.148,4.549,2.437,4.986,2.501,5.452,3.945
50,1.941,6.099,6.194,1.656,1.79,2.346,1.501,1.785,1.928,1.44,1.92,6.26,1.86,5.39,5.936,2.34,1.57,2.053,1.835,1.276,1.494,2.606,1.7,3.213,1.81,1.687,1.937,2.296,3.023,5.937,1.65,1.52,1.633,1.844,1.687,5.088,5.16,6.587,4.822,1.992,4.759,2.474,1.928,1.693,2.2,1.438,1.51,1.39,3.39,1.915,1.87,2.538,2.843,2.615,3.213,4.571,1.37,1.72,5.217,1.87,2.746,2.03,2.514,3.236,4.153,1.92,1.919,4.206,1.838,5.397,5.669,5.061,5.209,1.48,2.24,2.195,3.375,2.973,2.655,1.127,2.957,1.46,3.47,1.25,2.452,2.17,2.603,2.05,1.768,4.429,2.2,3.03,1.46,1.742,3.778,1.39,2.59,4.367,3.1,2.774,3.876,1.762,1.226,2.257,3.145,2.126,5.058,2.603,1.538,2.196,3.249,1.5,1.63,1.36,1.042,2.397,2.586,1.698,4.755,2.318,2.34,3.632,1.6,6.579,1.36,2.346,1.7,2.513,5.63,5.043,1.57,5.274,2.144,3.63,2.2,7.485,5.98,2.601,1.79,1.95,2.512,3.907,2.17,2.943,4.297,2.604,2.573,3.264,3.883,1.41,1.6235,1.809,1.39,2.73,4.383,2.162,2.087,1.59,1.567,4.532,2.853,5.017,5.064,1.15,4.404,5.327,2.239,7.299,1.4,5.376,4.727,2.61,1.43,1.57,1.98,3.356,1.846,2.16,3.404,1.686,6.99,5.007,1.576,3.457,2.833,4.845,3.889,1.701,2.105,2.137,3.49,5.293,6.071,1.443,2.011,1.931,2.342,2.133,2.471,1.183,2.3,1.895,4.15,4.608,2.426,4.855,2.445,5.363,4.025
51,1.962,5.958,6.12,1.671,1.724,2.338,1.5,1.746,1.926,1.43,1.96,6.108,1.81,5.366,5.869,2.262,1.51,2.093,1.739,1.216,1.515,2.585,1.6,3.143,1.8,1.665,1.957,2.21,2.999,5.963,1.63,1.52,1.626,1.823,1.668,5.029,5.058,6.582,4.791,1.958,4.721,2.471,1.902,1.756,2.1,1.36,1.43,1.39,3.305,1.871,1.75,2.513,2.88,2.596,3.247,4.486,1.34,1.61,5.05,1.83,2.685,2.01,2.311,3.18,4.151,1.91,1.918,4.193,1.872,5.296,5.64,5.047,5.126,1.4,2.217,2.117,3.292,2.865,2.63,1.204,2.86,1.41,3.411,1.23,2.499,1.956,2.536,2.03,1.8,4.536,2.02,2.98,1.44,1.728,3.681,1.39,2.59,4.219,3.1,2.701,3.857,1.74,1.244,2.2,3.049,2.162,4.97,2.646,1.522,2.206,3.318,1.55,1.52,1.33,1.115,2.41,2.609,1.66,4.607,2.261,2.317,3.51,1.46,6.545,1.45,2.312,1.65,2.602,5.551,5.028,1.55,5.106,2.149,3.658,2.15,7.449,5.918,2.575,1.76,1.88,2.439,3.948,2.09,2.94,4.234,2.627,2.542,3.122,3.816,1.33,1.5965,1.811,1.35,2.675,4.274,2.066,2.04,1.47,1.582,4.357,2.814,4.96,5.039,1.2,4.406,5.209,2.224,7.257,1.4,5.286,4.716,2.587,1.45,1.56,1.9,3.299,1.99,2.33,3.283,1.693,6.948,4.917,1.597,3.456,2.892,4.656,3.842,1.713,2.191,2.133,3.478,5.207,5.935,1.459,2.008,1.8945,2.236,2.101,2.444,1.269,2.16,1.902,4.151,4.639,1.992,4.744,2.436,5.271,4.096
52,2.028,5.83,6.039,1.692,1.666,2.33,1.6,1.655,1.92,1.44,2.0,5.991,1.8,5.347,5.793,2.209,1.5,2.161,1.744,1.29,1.62,2.555,1.6,3.076,1.767,1.645,1.973,2.138,2.981,6.006,1.63,1.52,1.604,1.798,1.798,4.974,4.989,6.559,4.75,1.93,4.641,2.282,1.876,1.681,2.2,1.386,1.45,1.41,3.237,1.824,1.73,2.485,2.956,2.517,3.335,4.407,1.32,1.56,4.883,1.8,2.666,2.01,2.572,3.13,4.086,1.92,1.938,4.183,1.893,5.195,5.586,5.003,5.04,1.34,2.194,2.019,3.219,3.115,2.606,1.285,2.774,1.52,3.302,1.34,2.49,1.885,2.467,1.98,1.886,4.477,2.04,3.05,1.43,1.696,3.559,1.41,2.62,4.088,3.2,2.664,3.774,1.713,1.297,2.168,2.953,2.169,4.881,2.68,1.508,2.196,3.305,1.6,1.57,1.44,1.184,2.748,2.598,1.659,4.466,2.202,2.294,3.389,1.5,6.523,1.42,2.274,1.72,2.739,5.451,4.986,1.54,4.924,2.116,3.676,2.28,7.4,5.832,2.55,1.72,1.85,2.387,3.928,2.1,2.929,4.169,2.636,2.487,3.127,3.746,1.33,1.5425,1.836,1.28,2.625,4.16,2.026,1.969,1.52,1.691,4.233,2.78,4.895,5.005,1.29,4.412,5.064,2.187,7.198,1.45,5.197,4.667,2.565,1.34,1.58,1.91,3.255,1.93,2.37,3.215,1.694,6.905,4.806,1.586,3.421,2.936,4.444,3.781,1.711,2.216,2.149,3.467,5.098,5.784,1.531,2.006,1.8805,2.193,2.12,2.417,1.103,2.06,1.927,4.124,4.606,2.001,4.634,2.447,5.146,4.096
53,2.117,5.696,5.953,1.697,1.602,2.322,1.6,1.537,1.855,1.44,1.98,5.889,1.76,5.345,5.697,2.184,1.48,2.164,1.51,1.276,1.668,2.53,1.6,3.01,1.748,1.63,1.978,2.087,2.964,6.017,1.61,1.52,1.572,1.786,1.714,4.92,4.914,6.527,4.691,1.905,4.568,2.198,1.838,1.688,2.1,1.305,1.46,1.42,3.178,1.772,1.67,2.466,2.957,2.419,3.419,4.335,1.27,1.52,4.724,1.75,2.662,1.99,2.537,3.087,4.019,1.83,2.017,4.136,1.834,5.116,5.51,4.937,4.952,1.29,2.171,2.077,3.151,2.874,2.582,1.125,2.699,1.46,3.216,1.35,2.427,1.853,2.406,1.93,1.961,4.378,1.93,3.03,1.39,1.636,3.436,1.43,2.64,3.952,3.1,2.62,3.689,1.682,1.187,2.153,2.872,2.172,4.749,2.716,1.496,2.181,3.334,1.59,1.55,1.52,1.199,2.668,2.594,1.654,4.358,2.123,2.269,3.274,1.5,6.491,1.36,2.256,1.73,2.897,5.34,4.942,1.44,4.778,2.089,3.653,2.19,7.344,5.738,2.526,1.68,1.78,2.334,3.892,2.01,2.949,4.106,2.609,2.432,3.096,3.684,1.29,1.47,1.86,1.21,2.636,4.076,1.946,1.932,1.46,1.707,4.159,2.737,4.903,4.96,1.19,4.418,4.873,2.154,7.128,1.43,5.108,4.6,2.543,1.34,1.55,1.89,3.226,1.862,2.26,3.17,1.676,6.839,4.723,1.547,3.433,2.958,4.268,3.707,1.703,2.24,2.165,3.355,5.122,5.618,1.506,2.01,1.8575,2.35,2.112,2.39,1.08,2.08,1.951,4.093,4.525,2.098,4.529,2.428,5.026,4.064
54,2.148,5.56,5.864,1.674,1.545,2.312,1.703,1.526,1.826,1.46,1.97,5.794,1.74,5.348,5.595,2.152,1.53,2.158,1.673,1.262,1.696,2.491,1.4,2.947,1.767,1.62,1.969,2.027,2.951,6.024,1.61,1.54,1.556,1.774,1.769,4.867,4.855,6.483,4.626,1.883,4.492,2.17,1.819,1.663,2.0,1.315,1.53,1.47,3.112,1.734,1.69,2.445,3.004,2.335,3.441,4.273,1.32,1.54,4.609,1.71,2.657,2.0,2.563,3.032,3.953,1.81,2.115,4.05,2.014,5.049,5.416,4.802,4.863,1.3,2.148,2.037,3.088,2.943,2.558,1.235,2.635,1.46,3.157,1.44,2.389,1.737,2.306,1.89,2.036,4.283,1.93,3.08,1.37,1.569,3.31,1.42,2.73,3.844,3.2,2.589,3.599,1.665,1.205,2.156,2.802,2.182,4.622,2.754,1.485,2.13,3.288,1.63,1.5,1.65,1.224,2.595,2.548,1.822,4.247,2.059,2.211,3.161,1.5,6.441,1.38,2.24,1.75,2.996,5.131,4.886,1.43,4.612,2.081,3.635,2.17,7.279,5.664,2.503,1.71,1.75,2.293,3.857,1.92,2.956,4.005,2.59,2.385,3.031,3.625,1.32,1.432,1.885,1.23,2.646,4.04,1.959,1.898,1.56,1.75,4.112,2.686,4.912,4.905,1.25,4.418,4.703,2.126,7.057,1.46,5.022,4.511,2.519,1.37,1.58,1.88,3.174,1.794,2.25,3.101,1.653,6.781,4.655,1.51,3.459,2.956,4.085,3.635,1.693,2.252,2.2,3.275,5.122,5.463,1.498,1.998,1.8625,2.457,2.12,2.365,1.237,2.09,1.95,4.06,4.443,1.871,4.427,2.424,4.899,3.962
55,1.972,5.405,5.774,1.613,1.486,2.301,1.602,1.567,1.814,1.49,1.94,5.695,1.7,5.319,5.478,2.114,1.53,2.131,1.576,1.289,1.724,2.438,1.4,2.886,1.777,1.614,1.947,1.957,2.942,6.035,1.6,1.54,1.521,1.737,1.67,4.813,4.832,6.437,4.564,1.863,4.418,2.117,1.79,1.694,1.9,1.326,1.57,1.5,3.066,1.694,1.71,2.43,3.041,2.26,3.436,4.217,1.33,1.58,4.531,1.65,2.642,1.96,2.427,2.971,3.889,1.8,2.204,4.05,2.186,5.022,5.314,4.671,4.774,1.33,2.126,2.01,3.029,2.922,2.534,1.196,2.581,1.41,3.108,1.45,2.345,1.711,2.287,1.85,2.053,4.09,1.8,3.09,1.35,1.588,3.175,1.45,2.74,3.8,3.2,2.55,3.53,1.643,1.239,2.16,2.766,2.178,4.523,2.711,1.473,2.091,3.264,1.7,1.47,1.7,1.196,2.558,2.531,1.868,4.183,1.99,2.137,3.063,1.49,6.385,1.37,2.248,1.74,3.01,5.062,4.813,1.36,4.452,2.039,3.604,2.08,7.211,5.616,2.48,1.66,1.72,2.25,3.827,1.99,2.959,3.904,2.564,2.338,2.951,3.558,1.32,1.3365,1.884,1.31,2.645,4.046,1.905,1.864,1.62,1.777,4.081,2.637,4.898,4.781,1.24,4.356,4.548,2.067,6.978,1.46,4.937,4.387,2.494,1.4,1.57,1.85,3.117,1.73,2.31,3.049,1.67,6.706,4.594,1.469,3.459,2.93,3.903,3.562,1.682,2.251,2.194,3.217,5.088,5.306,1.506,2.023,1.8435,2.491,2.099,2.34,1.186,2.11,1.951,4.006,4.357,1.751,4.322,2.359,4.793,3.849
56,1.953,5.262,5.686,1.551,1.438,2.241,1.626,1.458,1.752,1.53,1.9,5.587,1.68,5.303,5.324,2.097,1.54,2.073,1.496,1.324,1.733,2.394,1.4,2.829,1.709,1.613,1.915,1.835,2.93,6.04,1.59,1.54,1.507,1.676,1.772,4.759,4.818,6.392,4.487,1.843,4.348,2.123,1.754,1.609,1.7,1.36,1.63,1.6,3.011,1.657,1.79,2.406,3.051,2.201,3.203,4.164,1.34,1.6,4.469,1.57,2.605,1.92,2.625,2.942,3.817,1.79,2.198,3.911,1.94,4.926,5.197,4.531,4.686,1.38,2.104,2.0,2.973,2.952,2.509,1.205,2.536,1.43,3.062,1.53,2.309,1.691,2.273,1.81,2.07,3.9,1.74,3.11,1.34,1.516,3.077,1.44,2.77,3.724,3.1,2.512,3.471,1.633,1.172,2.157,2.722,2.183,4.461,2.673,1.461,2.068,3.239,1.69,1.41,1.74,1.175,2.534,2.451,1.89,4.163,1.913,2.086,2.983,1.5,6.319,1.37,2.249,1.79,2.957,4.992,4.741,1.4,4.309,1.978,3.574,2.13,7.141,5.584,2.455,1.66,1.71,2.203,3.791,1.87,2.946,3.827,2.528,2.306,2.892,3.495,1.39,1.2425,1.87,1.36,2.624,3.935,1.852,1.827,1.69,1.762,4.06,2.59,4.829,4.683,1.2,4.293,4.466,1.965,6.886,1.46,4.855,4.274,2.469,1.48,1.58,1.85,3.068,1.673,2.39,2.994,1.722,6.623,4.56,1.435,3.384,2.887,3.737,3.483,1.678,2.238,2.177,3.195,5.033,5.174,1.466,1.945,1.8205,2.455,2.025,2.317,0.987,2.09,1.938,3.963,4.269,1.658,4.214,2.261,4.707,3.771
57,1.839,5.129,5.6,1.491,1.419,2.168,1.562,1.485,1.741,1.52,1.75,5.481,1.65,5.269,5.162,2.043,1.56,2.006,1.426,1.355,1.541,2.36,1.4,2.777,1.736,1.615,1.881,1.704,2.91,6.048,1.55,1.52,1.466,1.598,1.813,4.742,4.774,6.349,4.433,1.818,4.278,2.091,1.74,1.593,1.5,1.322,1.69,1.57,2.972,1.629,1.75,2.39,3.05,2.174,3.151,4.112,1.31,1.59,4.39,1.49,2.557,1.89,2.479,2.893,3.752,1.74,2.144,3.713,1.895,4.789,5.091,4.358,4.599,1.35,2.083,2.09,2.857,2.805,2.485,1.128,2.496,1.42,3.016,1.54,2.262,1.677,2.2,1.77,2.074,3.73,1.71,3.11,1.32,1.44,3.027,1.43,2.75,3.643,3.0,2.473,3.431,1.61,1.052,2.161,2.671,2.173,4.396,2.626,1.448,2.053,3.187,1.63,1.39,1.69,1.123,2.518,2.451,1.81,4.109,1.845,2.041,2.929,1.43,6.251,1.26,2.234,1.78,2.891,4.922,4.664,1.44,4.22,1.929,3.511,2.04,7.084,5.523,2.43,1.62,1.62,2.15,3.731,1.81,2.937,3.759,2.493,2.281,2.865,3.432,1.48,1.101,1.857,1.38,2.591,3.807,1.804,1.839,1.71,1.621,4.027,2.584,4.761,4.622,1.16,4.218,4.389,1.896,6.738,1.49,4.775,4.142,2.443,1.52,1.62,1.78,3.015,1.627,2.41,2.939,1.741,6.537,4.503,1.41,3.29,2.836,3.596,3.407,1.662,2.221,2.14,3.186,4.993,5.052,1.374,1.796,1.7655,2.419,1.932,2.294,0.872,2.08,1.93,3.91,4.183,1.649,4.112,2.334,4.614,3.706
58,1.587,5.002,5.519,1.44,1.356,2.039,1.572,1.371,1.74,1.47,1.73,5.38,1.62,5.199,5.069,2.04,1.56,1.93,1.412,1.384,1.448,2.345,1.3,2.73,1.749,1.619,1.848,1.569,2.903,6.037,1.51,1.52,1.435,1.564,1.554,4.611,4.694,6.302,4.367,1.787,4.196,1.964,1.709,1.631,1.7,1.32,1.71,1.57,2.929,1.617,1.73,2.381,3.023,2.133,3.098,4.056,1.26,1.67,4.343,1.41,2.53,1.87,2.501,2.84,3.679,1.68,2.114,3.731,1.879,4.669,4.972,4.263,4.513,1.35,2.063,2.0,2.743,2.671,2.462,1.08,2.46,1.47,2.959,1.55,2.234,1.621,2.177,1.75,1.968,3.659,1.71,3.09,1.29,1.388,2.973,1.42,2.84,3.58,3.3,2.435,3.41,1.587,0.977,2.165,2.619,2.148,4.336,2.581,1.436,2.031,3.139,1.63,1.38,1.6,1.104,2.517,2.415,1.809,4.043,1.784,1.996,2.877,1.42,6.183,1.23,2.213,1.76,2.923,4.852,4.607,1.41,4.14,1.881,3.462,2.06,7.023,5.447,2.404,1.59,1.56,2.104,3.67,1.71,2.883,3.685,2.441,2.26,2.831,3.382,1.46,1.035,1.845,1.42,2.561,3.712,1.789,1.848,1.76,1.579,3.994,2.546,4.681,4.584,1.14,4.157,4.294,1.849,6.632,1.49,4.696,4.044,2.418,1.54,1.6,1.76,2.962,1.61,2.41,2.886,1.723,6.464,4.442,1.378,3.294,2.786,3.452,3.349,1.651,2.174,2.054,3.209,4.923,4.932,1.301,1.658,1.7295,2.604,1.873,2.272,0.917,2.06,1.937,3.855,4.109,1.605,4.043,2.418,4.536,3.659
59,1.486,4.87,5.442,1.414,1.334,1.994,1.575,1.468,1.657,1.46,1.81,5.271,1.6,5.13,4.971,2.031,1.58,1.857,1.398,1.368,1.382,2.106,1.3,2.688,1.703,1.623,1.819,1.46,2.883,6.008,1.47,1.48,1.441,1.545,1.496,4.538,4.623,6.253,4.296,1.765,4.125,1.932,1.632,1.551,1.6,1.332,1.71,1.54,2.891,1.611,1.7,2.344,2.988,2.088,3.001,3.997,1.23,1.66,4.323,1.35,2.519,1.86,2.408,2.801,3.615,1.63,2.011,3.683,1.863,4.576,4.869,4.172,4.429,1.34,2.042,2.08,2.61,2.623,2.44,1.064,2.427,1.47,2.919,1.55,2.215,1.614,2.109,1.71,1.77,3.604,1.74,3.01,1.27,1.37,2.918,1.36,2.9,3.469,3.3,2.402,3.368,1.568,0.918,2.159,2.571,2.13,4.257,2.539,1.424,2.019,3.094,1.61,1.34,1.61,1.077,2.485,2.382,1.78,3.978,1.736,1.916,2.824,1.34,6.103,1.14,2.2,1.77,2.937,4.783,4.521,1.4,4.072,1.834,3.404,2.1,6.961,5.379,2.377,1.57,1.53,2.08,3.618,1.72,2.776,3.62,2.375,2.242,2.805,3.322,1.44,0.982,1.84,1.43,2.525,3.642,1.712,1.834,1.77,1.504,3.939,2.504,4.617,4.517,1.14,4.104,4.192,1.838,6.531,1.52,4.619,3.964,2.394,1.57,1.61,1.71,2.921,1.601,2.36,2.835,1.692,6.412,4.385,1.352,3.281,2.74,3.336,3.315,1.643,2.148,1.967,3.199,4.864,4.809,1.228,1.546,1.706,2.785,1.838,2.25,0.948,2.05,1.948,3.813,4.047,1.546,3.963,2.475,4.451,3.599
60,1.325,4.75,5.371,1.4,1.46,1.911,1.575,1.569,1.581,1.44,1.7,5.177,1.55,5.048,4.869,2.003,1.56,1.832,1.394,1.359,1.474,1.999,1.4,2.651,1.649,1.628,1.796,1.433,2.836,5.985,1.41,1.46,1.447,1.537,1.281,4.472,4.543,6.206,4.234,1.737,4.052,1.908,1.555,1.5,1.4,1.328,1.71,1.53,2.848,1.597,1.68,2.303,2.942,2.051,2.96,3.933,1.19,1.58,4.243,1.37,2.495,1.83,2.323,2.754,3.548,1.56,1.971,3.623,1.855,4.489,4.777,4.094,4.346,1.39,2.023,2.019,2.484,2.593,2.418,0.883,2.394,1.48,2.869,1.59,2.194,1.569,2.051,1.63,1.708,3.551,1.72,2.9,1.24,1.358,2.873,1.33,3.13,3.397,3.0,2.381,3.333,1.55,0.837,2.14,2.541,2.103,4.174,2.507,1.411,2.0,3.049,1.48,1.36,1.55,1.072,2.448,2.353,1.77,3.918,1.712,1.905,2.777,1.31,6.035,1.13,2.174,1.75,2.9,4.713,4.455,1.44,3.995,1.818,3.349,2.04,6.892,5.309,2.349,1.54,1.48,2.055,3.571,1.61,2.687,3.555,2.344,2.216,2.777,3.274,1.39,0.922,1.818,1.41,2.497,3.57,1.705,1.816,1.8,1.505,3.873,2.465,4.542,4.454,1.1,4.038,4.08,1.819,6.417,1.48,4.543,3.893,2.371,1.59,1.59,1.67,2.89,1.591,2.29,2.798,1.679,6.346,4.323,1.341,3.237,2.701,3.247,3.267,1.631,2.114,1.917,3.188,4.795,4.693,1.217,1.477,1.6415,2.904,1.814,2.23,0.976,2.03,1.955,3.778,3.997,1.529,3.886,2.401,4.379,3.545
61,1.18,4.643,5.304,1.39,1.46,1.885,1.575,1.58,1.7,1.48,1.52,5.078,1.6,4.973,4.772,1.981,1.58,1.811,1.389,1.35,1.483,2.01,1.3,2.618,1.641,1.633,1.778,1.413,2.791,5.978,1.43,1.52,1.457,1.537,1.164,4.418,4.463,6.156,4.171,1.717,3.978,1.896,1.533,1.442,1.38390804597701,1.321,1.83,1.58,2.804,1.595,1.72,2.273,2.889,2.026,2.917,3.867,1.19,1.61,4.159,1.46,2.475,1.83,2.293,2.711,3.491,1.56,2.081,3.563,1.848,4.399,4.684,4.005,4.266,1.39,2.004,1.8,2.395,2.569,2.397,0.772,2.363,1.62,2.814,1.59,2.175,1.564,2.031,1.72,1.692,3.496,1.82,3.0,1.25,1.352,2.83,1.3,3.32,3.335,2.89,2.344,3.304,1.531,0.808,2.11,2.496,2.091,4.089,2.462,1.399,1.99,3.018,1.34,1.38,1.57,1.088,2.415,2.328,1.806,3.851,1.692,1.822,2.729,1.6,5.956,1.14,2.151,1.75,2.837,4.644,4.398,1.41,3.917,1.803,3.303,2.02,6.82,5.237,2.321,1.62,1.55,2.029,3.519,1.64,2.623,3.47,2.325,2.192,2.748,3.215,1.33,0.907,1.809,1.38,2.469,3.504,1.699,1.801,1.8,1.493,3.821,2.427,4.457,4.387,1.12,3.983,3.978,1.803,6.312,1.48,4.469,3.823,2.348,1.64,1.64,1.67,2.839,1.581,2.46,2.747,1.669,6.255,4.257,1.331,3.186,2.667,3.149,3.237,1.626,2.086,1.889,3.163,4.726,4.585,1.16,1.493,1.664,3.173,1.797,2.211,1.005,2.01,1.944,3.735,3.93,1.522,3.795,2.374,4.308,3.491
62,1.2603125330512945,5.881567953463775,5.886653093601268,0.6243474352194607,0.7353035430988886,2.1539032258064514,0.9413130618720253,1.0029217345319936,1.3960661025912209,1.0706081438392383,0.8372202538339497,5.955142781597038,1.4426969857218404,5.2887673188789,5.712123744050768,1.3225081967213121,1.2461554732945535,0.9860396615547327,1.0068270756213646,0.7380010576414593,1.2176509783183502,1.8119037546271821,1.1602617662612373,2.5164907456372294,0.8481459545214172,1.027962982548916,0.8201411951348483,1.4202009518773115,2.067780539397143,5.980382337387625,1.1371755684822846,1.2106821787414064,1.2980407191961922,1.099478053939714,0.33650661025912054,4.435627181385511,4.979833950290852,6.618680063458488,4.161387625594922,0.92602168164992,4.201181385510312,1.5681866737176087,0.9277017451084069,0.7425880486515064,1.3431532425220487,0.9882162876784766,1.294584875727128,1.146594394500264,2.8216932839767317,1.0227900581702798,1.5385034373347437,1.2479148598625072,1.5203183500793225,1.4555319936541506,2.365219460602855,4.2292205182443166,0.7591380222104704,1.4491010047593864,5.003514013749339,1.478006345848757,1.9728609201480687,1.6329190904283446,2.329260180995475,2.456753040719196,3.991240613432047,1.4702326811210997,1.6313770491803274,3.517528291909042,1.5488545742993127,5.1729619249074545,5.291690111052352,4.891792173453199,5.039359069275514,1.0482548915917502,1.367978847170809,2.1378741905642924,2.6741263881544155,2.1537747223691164,1.7127366472765715,0.004433632998413373,2.0392390269698577,1.2789730301427817,2.9487604442094137,1.2778476996298256,1.4823172924378634,1.5247318878900054,1.7894680063458477,1.2507879428873614,0.6603389740877832,3.723827075621364,1.4507139079851927,2.698572184029614,0.9461448968799575,0.754004759386568,2.3271475409836055,1.182300370174511,2.0751004759386564,3.3174066631411927,2.2409053410893707,2.4705420412480166,3.0714420941300897,0.5554352194606036,-1.0,0.963409836065571,2.714833950290851,1.3014325753569542,4.691826546800636,1.3417789529349538,0.32584981491274423,1.316571655208885,2.7746467477525103,1.2699894235854046,1.362945058693744,1.3830142781597035,0.35414806980433644,1.5303516657852976,1.3829338974087788,1.423541512427287,4.008855631940772,1.1959365415124257,1.0379301956636677,2.4230777366472758,1.051148598625065,6.410482813326283,1.086842940243258,1.4514204124801688,1.4048408249603384,1.2382384981491263,5.054596509783184,4.629897937599154,0.5656795346377574,4.647598625066102,1.2987012162876788,2.9425938656795347,1.3250613432046543,7.393786356425173,5.693023268112111,1.5260645161290318,1.2784717080909571,1.4503543098889475,2.0638164992067667,3.314801692226335,1.3972712850343734,2.263756213643574,3.8012554204124807,1.6861575885774713,1.3779539925965087,2.2759709148598635,3.2951089370703333,1.0860497091485986,0.8231917503966155,1.4076985721840303,0.8320306716023262,2.0686991010047597,3.1680040322580636,1.0661173982020093,1.1377911158117398,1.2715917503966148,1.3079037546271808,3.891095716552088,1.97514225277631,4.532247488101534,4.464207826546801,0.33146483342147004,3.748546271813855,5.0238016922263355,1.1986948704389198,7.157683765203597,1.3401686938127975,5.6427704918032795,4.209468535166577,1.562510312004231,1.0595557905869912,1.1969180327868851,1.6708196721311475,2.546420941300897,1.1841216287678478,1.9492594576758089,2.3234262295081978,0.9491739820200955,7.062367530407192,4.337473823373875,0.16527445795875195,2.6750973030142795,1.7990481226864077,4.412938656795347,3.057769962982549,0.8999788471708099,0.7845044949762032,1.1108413537810682,3.276163934426229,4.889518773135906,5.598495505023796,1.150799048122686,1.731332628239026,1.5937805393971443,1.4892908514013756,0.7085346377577988,1.5383283976731894,0.28420729772607123,1.4318392384981489,0.8593548387096783,3.4305156002115305,3.418738762559493,1.00058064516129,4.448975674246431,1.5288138551031194,4.709040719196191,2.8620306716023256
