,Country Name,Country Code,1960,1961,1962,1963,1964,1965,1966,1967,1968,1969,1970,1971,1972,1973,1974,1975,1976,1977,1978,1979,1980,1981,1982,1983,1984,1985,1986,1987,1988,1989,1990,1991,1992,1993,1994,1995,1996,1997,1998,1999,2000,2001,2002,2003,2004,2005,2006,2007,2008,2009,2010,2011,2012,2013,2014,2015,2016,2017,2018,2019,2020,2021,2022,Unnamed: 67
2,Afghanistan,AFG,,,,,,,,,,,,,,,,,,,,,4.0,3.0,5.0,5.0,16.0,15.0,11.0,25.0,35.0,33.0,25.0,23.0,21.0,18.0,12.0,20.0,31.0,28.0,27.0,27.0,24.0,33.0,36.0,41.0,50.0,58.0,58.0,63.0,64.0,63.0,66.0,68.0,67.0,64.0,62.0,64.0,66.0,66.0,72.0,72.0,70.0,66.0,,
4,Angola,AGO,,,,,,,,,,,,,,,,,,,,,,,,6.0,8.0,8.0,10.0,10.0,12.0,18.0,24.0,26.0,21.0,30.0,27.0,24.0,28.0,41.0,47.0,21.0,31.0,42.0,47.0,46.0,47.0,47.0,44.0,48.0,49.0,50.0,51.0,52.0,53.0,54.0,55.0,59.0,59.0,56.0,63.0,57.0,51.0,45.0,,
5,Albania,ALB,,,,,,,,,,,,,,,,,,,,,94.0,94.0,95.0,95.0,95.0,96.0,96.0,96.0,96.0,94.0,94.0,78.0,94.0,96.0,99.0,97.0,98.0,99.0,96.0,97.0,97.0,97.0,98.0,97.0,97.0,98.0,97.0,98.0,99.0,98.0,99.0,99.0,99.0,99.0,98.0,99.0,98.0,99.0,99.0,99.0,98.0,98.0,,
6,Andorra,AND,,,,,,,,,,,,,,,,,,,,,,,,,,,,,,,,,,,,,,90.0,89.0,90.0,98.0,96.0,97.0,99.0,99.0,98.0,93.0,96.0,99.0,99.0,99.0,99.0,99.0,96.0,97.0,97.0,98.0,99.0,99.0,99.0,99.0,99.0,,
8,United Arab Emirates,ARE,,,,,,,,,,,,,,,,,,,,,11.0,45.0,43.0,50.0,59.0,76.0,78.0,80.0,82.0,84.0,85.0,85.0,86.0,90.0,90.0,90.0,90.0,92.0,94.0,94.0,94.0,94.0,94.0,94.0,94.0,94.0,92.0,92.0,92.0,93.0,94.0,95.0,96.0,98.0,99.0,99.0,99.0,97.0,99.0,99.0,90.0,96.0,,
9,Argentina,ARG,,,,,,,,,,,,,,,,,,,,,44.0,49.0,58.0,61.0,62.0,66.0,67.0,75.0,80.0,80.0,87.0,80.0,81.0,81.0,82.0,85.0,83.0,88.0,84.0,86.0,83.0,83.0,93.0,96.0,98.0,98.0,91.0,91.0,93.0,94.0,94.0,91.0,91.0,94.0,94.0,94.0,92.0,86.0,86.0,83.0,74.0,76.0,,
10,Armenia,ARM,,,,,,,,,,,,,,,,,,,,,,,,,,,,,,,,,85.0,85.0,86.0,98.0,86.0,88.0,82.0,91.0,93.0,94.0,94.0,94.0,91.0,90.0,87.0,88.0,89.0,93.0,94.0,95.0,95.0,95.0,93.0,94.0,94.0,94.0,92.0,92.0,91.0,93.0,,
12,Antigua and Barbuda,ATG,,,,,,,,,,,,,,,,,,,,,54.0,79.0,79.0,99.0,94.0,99.0,96.0,97.0,98.0,99.0,99.0,94.0,99.0,99.0,99.0,99.0,99.0,99.0,99.0,99.0,95.0,97.0,98.0,99.0,97.0,99.0,99.0,99.0,99.0,99.0,98.0,99.0,98.0,99.0,99.0,99.0,92.0,95.0,95.0,95.0,96.0,92.0,,
13,Australia,AUS,,,,,,,,,,,,,,,,,,,,,33.0,40.0,48.0,55.0,62.0,68.0,75.0,81.0,88.0,93.0,95.0,93.0,91.0,90.0,88.0,86.0,86.0,77.0,82.0,88.0,90.0,92.0,92.0,93.0,92.0,92.0,92.0,92.0,92.0,92.0,92.0,92.0,92.0,91.0,92.0,93.0,94.0,95.0,95.0,95.0,95.0,95.0,,
14,Austria,AUT,,,,,,,,,,,,,,,,,,,,,90.0,90.0,90.0,90.0,90.0,90.0,90.0,90.0,90.0,90.0,90.0,90.0,90.0,90.0,90.0,90.0,90.0,90.0,82.0,74.0,81.0,84.0,83.0,84.0,83.0,86.0,83.0,85.0,83.0,83.0,86.0,89.0,92.0,95.0,98.0,93.0,87.0,90.0,85.0,85.0,85.0,85.0,,
15,Azerbaijan,AZE,,,,,,,,,,,,,,,,,,,,,,,,,,,,,,,,,58.0,66.0,69.0,74.0,74.0,70.0,73.0,75.0,76.0,77.0,76.0,77.0,77.0,75.0,78.0,79.0,81.0,81.0,81.0,87.0,89.0,93.0,94.0,96.0,97.0,95.0,95.0,94.0,79.0,89.0,,
16,Burundi,BDI,,,,,,,,,,,,,,,,,,,,,,36.0,33.0,44.0,26.0,36.0,55.0,68.0,51.0,82.0,86.0,83.0,80.0,63.0,48.0,73.0,73.0,74.0,65.0,79.0,80.0,81.0,81.0,82.0,83.0,87.0,92.0,99.0,92.0,94.0,96.0,96.0,96.0,96.0,95.0,94.0,94.0,91.0,90.0,93.0,93.0,94.0,,
17,Belgium,BEL,,,,,,,,,,,,,,,,,,,,,95.0,95.0,95.0,95.0,95.0,95.0,95.0,95.0,80.0,94.0,93.0,92.0,95.0,97.0,96.0,94.0,95.0,87.0,79.0,87.0,95.0,95.0,95.0,95.0,95.0,97.0,98.0,98.0,99.0,98.0,98.0,98.0,99.0,99.0,99.0,99.0,98.0,98.0,98.0,97.0,97.0,98.0,,
18,Benin,BEN,,,,,,,,,,,,,,,,,,,,,,,,,,17.0,17.0,25.0,30.0,48.0,74.0,69.0,73.0,75.0,81.0,67.0,66.0,66.0,70.0,74.0,78.0,76.0,75.0,73.0,72.0,70.0,74.0,82.0,75.0,79.0,76.0,75.0,80.0,77.0,74.0,74.0,76.0,76.0,76.0,76.0,72.0,76.0,,
19,Burkina Faso,BFA,,,,,,,,,,,,,,,,,,,,,,,,,,9.0,19.0,23.0,34.0,44.0,66.0,53.0,39.0,39.0,36.0,34.0,37.0,39.0,15.0,15.0,45.0,62.0,69.0,79.0,79.0,82.0,86.0,89.0,93.0,92.0,91.0,91.0,90.0,88.0,91.0,91.0,91.0,91.0,91.0,91.0,91.0,91.0,,
20,Bangladesh,BGD,,,,,,,,,,,,,,,,,,,,,,1.0,1.0,1.0,1.0,2.0,4.0,9.0,16.0,49.0,69.0,74.0,66.0,74.0,84.0,69.0,77.0,78.0,77.0,80.0,82.0,85.0,83.0,87.0,99.0,93.0,94.0,94.0,96.0,97.0,94.0,96.0,94.0,96.0,97.0,98.0,98.0,98.0,98.0,98.0,98.0,98.0,,
21,Bulgaria,BGR,,,,,,,,,,,,,,,,,,,,,98.0,99.0,99.0,99.0,99.0,99.0,99.0,99.0,99.0,99.0,99.0,99.0,98.0,98.0,93.0,96.0,95.0,94.0,95.0,96.0,93.0,94.0,93.0,96.0,95.0,96.0,95.0,95.0,95.0,94.0,94.0,95.0,95.0,95.0,88.0,91.0,92.0,92.0,92.0,93.0,91.0,89.0,,
22,Bahrain,BHR,,,,,,,,,,,,,,,,,,,,,72.0,75.0,79.0,83.0,86.0,90.0,92.0,95.0,96.0,96.0,94.0,99.0,94.0,94.0,96.0,95.0,96.0,98.0,98.0,97.0,97.0,99.0,98.0,97.0,98.0,98.0,98.0,97.0,97.0,98.0,99.0,99.0,99.0,99.0,98.0,98.0,99.0,97.0,99.0,99.0,98.0,98.0,,
23,"Bahamas, The",BHS,,,,,,,,,,,,,,,,,,,,,36.0,55.0,69.0,65.0,69.0,86.0,85.0,85.0,85.0,86.0,86.0,92.0,92.0,91.0,91.0,87.0,85.0,86.0,89.0,82.0,99.0,99.0,94.0,92.0,93.0,93.0,95.0,95.0,93.0,96.0,99.0,98.0,98.0,97.0,96.0,95.0,94.0,94.0,90.0,89.0,83.0,75.0,,
24,Bosnia and Herzegovina,BIH,,,,,,,,,,,,,,,,,,,,,,,,,,,,,,,,,58.0,38.0,82.0,55.0,67.0,79.0,89.0,90.0,85.0,91.0,80.0,87.0,84.0,93.0,87.0,95.0,91.0,90.0,89.0,88.0,92.0,89.0,86.0,82.0,78.0,75.0,73.0,73.0,73.0,73.0,,
25,Belarus,BLR,,,,,,,,,,,,,,,,,,,,,,,,,,,,,,,,,90.0,91.0,92.0,96.0,98.0,98.0,99.0,99.0,99.0,99.0,99.0,50.0,99.0,99.0,99.0,95.0,97.0,96.0,98.0,98.0,98.0,98.0,97.0,99.0,98.0,97.0,97.0,98.0,97.0,98.0,,
26,Belize,BLZ,,,,,,,,,,,,,,,,,,,,,47.0,44.0,61.0,59.0,53.0,58.0,82.0,85.0,61.0,79.0,91.0,82.0,74.0,85.0,88.0,83.0,85.0,86.0,87.0,87.0,91.0,96.0,89.0,96.0,97.0,96.0,98.0,96.0,94.0,97.0,96.0,95.0,98.0,95.0,95.0,94.0,95.0,88.0,96.0,98.0,79.0,83.0,,
28,Bolivia,BOL,,,,,,,,,,,,,,,,,,,,,11.0,13.0,12.0,10.0,6.0,33.0,42.0,35.0,28.0,52.0,41.0,43.0,45.0,52.0,58.0,64.0,61.0,58.0,61.0,77.0,75.0,71.0,77.0,88.0,84.0,85.0,83.0,84.0,88.0,93.0,91.0,95.0,93.0,87.0,85.0,89.0,87.0,84.0,83.0,75.0,68.0,70.0,,
29,Brazil,BRA,,,,,,,,,,,,,,,,,,,,,37.0,47.0,56.0,60.0,68.0,66.0,58.0,58.0,58.0,56.0,66.0,78.0,71.0,75.0,74.0,81.0,77.0,79.0,93.0,94.0,98.0,98.0,99.0,99.0,99.0,99.0,99.0,99.0,99.0,99.0,99.0,99.0,95.0,97.0,93.0,96.0,89.0,89.0,87.0,70.0,77.0,68.0,,
30,Barbados,BRB,,,,,,,,,,,,,,,,,,,,,60.0,58.0,62.0,69.0,83.0,83.0,79.0,79.0,76.0,78.0,91.0,82.0,90.0,86.0,90.0,93.0,85.0,96.0,93.0,87.0,93.0,84.0,87.0,89.0,93.0,92.0,84.0,93.0,85.0,93.0,86.0,91.0,87.0,91.0,94.0,97.0,97.0,90.0,95.0,90.0,85.0,82.0,,
31,Brunei Darussalam,BRN,,,,,,,,,,,,,,,,,,,,,89.0,94.0,99.0,85.0,96.0,88.0,86.0,85.0,89.0,91.0,93.0,95.0,96.0,99.0,99.0,99.0,99.0,99.0,97.0,92.0,99.0,97.0,94.0,92.0,92.0,94.0,97.0,99.0,98.0,99.0,95.0,97.0,95.0,99.0,99.0,99.0,99.0,99.0,99.0,99.0,99.0,99.0,,
32,Bhutan,BTN,,,,,,,,,,,,,,,,,,,,,6.0,13.0,15.0,16.0,28.0,41.0,53.0,63.0,70.0,76.0,96.0,91.0,86.0,79.0,86.0,87.0,87.0,87.0,86.0,90.0,92.0,88.0,86.0,95.0,89.0,95.0,95.0,95.0,96.0,93.0,91.0,95.0,97.0,97.0,99.0,99.0,98.0,98.0,97.0,97.0,95.0,98.0,,
33,Botswana,BWA,,,,,,,,,,,,,,,,,,,,,71.0,75.0,82.0,82.0,83.0,84.0,86.0,88.0,88.0,92.0,92.0,93.0,94.0,94.0,94.0,95.0,96.0,96.0,98.0,97.0,97.0,97.0,97.0,96.0,96.0,96.0,96.0,96.0,96.0,96.0,95.0,95.0,95.0,95.0,95.0,95.0,95.0,95.0,95.0,95.0,95.0,95.0,,
34,Central African Republic,CAF,,,,,,,,,,,,,,,,,,,,,13.0,11.0,14.0,16.0,17.0,20.0,19.0,22.0,42.0,64.0,82.0,64.0,45.0,47.0,48.0,53.0,48.0,43.0,43.0,33.0,37.0,40.0,44.0,47.0,51.0,54.0,51.0,48.0,45.0,42.0,45.0,47.0,47.0,23.0,45.0,43.0,42.0,42.0,42.0,42.0,42.0,42.0,,
35,Canada,CAN,,,,,,,,,,,,,,,,,,,,,,,,,,,,85.0,86.0,87.0,88.0,88.0,89.0,90.0,93.0,87.0,90.0,86.0,90.0,90.0,89.0,89.0,88.0,91.0,91.0,93.0,95.0,94.0,92.0,91.0,89.0,87.0,91.0,91.0,91.0,91.0,91.0,91.0,91.0,91.0,92.0,92.0,,
37,Switzerland,CHE,,,,,,,,,,,,,,,,,,,,,,,,,,,90.0,90.0,90.0,90.0,90.0,89.0,89.0,89.0,89.0,89.0,89.0,89.0,88.0,93.0,93.0,93.0,93.0,93.0,93.0,94.0,94.0,94.0,95.0,95.0,95.0,96.0,96.0,96.0,96.0,96.0,96.0,96.0,96.0,96.0,96.0,96.0,,
39,Chile,CHL,,,,,,,,,,,,,,,,,,,,,93.0,99.0,99.0,89.0,99.0,99.0,90.0,93.0,96.0,95.0,95.0,94.0,90.0,90.0,94.0,94.0,91.0,90.0,90.0,95.0,91.0,97.0,97.0,96.0,93.0,91.0,94.0,96.0,95.0,94.0,92.0,94.0,90.0,91.0,95.0,96.0,95.0,93.0,95.0,96.0,93.0,95.0,,
40,China,CHN,,,,,,,,,,,,,,,,,,,,,,,,58.0,73.0,78.0,78.0,75.0,95.0,95.0,97.0,94.0,91.0,88.0,85.0,80.0,83.0,84.0,84.0,85.0,85.0,86.0,86.0,86.0,87.0,87.0,93.0,93.0,97.0,99.0,99.0,99.0,99.0,99.0,99.0,99.0,99.0,99.0,99.0,99.0,99.0,99.0,,
41,Cote d'Ivoire,CIV,,,,,,,,,,,,,,,,,,,,,,,,,19.0,25.0,30.0,31.0,31.0,42.0,54.0,39.0,49.0,50.0,50.0,52.0,55.0,58.0,58.0,58.0,65.0,66.0,64.0,61.0,67.0,76.0,77.0,76.0,74.0,81.0,78.0,61.0,82.0,75.0,73.0,79.0,87.0,83.0,84.0,81.0,75.0,76.0,,
42,Cameroon,CMR,,,,,,,,,,,,,,,,,,,,,,5.0,15.0,25.0,27.0,33.0,39.0,44.0,50.0,56.0,48.0,42.0,37.0,37.0,38.0,46.0,46.0,48.0,56.0,59.0,62.0,63.0,66.0,73.0,73.0,80.0,81.0,82.0,84.0,80.0,84.0,82.0,85.0,89.0,83.0,78.0,75.0,74.0,67.0,67.0,69.0,69.0,,
43,"Congo, Dem. Rep.",COD,,,,,,,,,,,,,,,,,,,,,,18.0,17.0,16.0,27.0,37.0,32.0,38.0,41.0,38.0,35.0,16.0,23.0,29.0,26.0,23.0,18.0,18.0,18.0,25.0,40.0,30.0,38.0,41.0,54.0,60.0,62.0,65.0,68.0,71.0,60.0,70.0,71.0,71.0,73.0,70.0,70.0,71.0,71.0,73.0,70.0,65.0,,
44,"Congo, Rep.",COG,,,,,,,,,,,,,,,,,,,,,42.0,42.0,47.0,50.0,53.0,54.0,71.0,72.0,72.0,79.0,79.0,74.0,67.0,60.0,55.0,50.0,37.0,23.0,26.0,29.0,33.0,31.0,41.0,50.0,67.0,62.0,73.0,72.0,79.0,78.0,74.0,82.0,85.0,85.0,90.0,80.0,71.0,69.0,75.0,79.0,73.0,77.0,,
45,Colombia,COL,,,,,,,,,,,,,,,,,,,,,16.0,20.0,26.0,42.0,61.0,61.0,48.0,58.0,74.0,78.0,88.0,84.0,78.0,88.0,85.0,85.0,85.0,84.0,73.0,74.0,79.0,80.0,81.0,92.0,89.0,93.0,93.0,94.0,92.0,92.0,88.0,85.0,91.0,91.0,90.0,91.0,91.0,92.0,92.0,94.0,88.0,86.0,,
46,Comoros,COM,,,,,,,,,,,,,,,,,,,,,,,,,31.0,51.0,71.0,71.0,43.0,82.0,94.0,52.0,38.0,70.0,58.0,75.0,60.0,48.0,75.0,73.0,70.0,70.0,89.0,80.0,76.0,68.0,69.0,75.0,81.0,83.0,74.0,83.0,86.0,87.0,87.0,91.0,91.0,91.0,91.0,91.0,87.0,85.0,,
47,Cabo Verde,CPV,,,,,,,,,,,,,,,,,,,,,,,,23.0,31.0,39.0,54.0,92.0,88.0,99.0,88.0,87.0,88.0,89.0,89.0,88.0,88.0,87.0,88.0,89.0,90.0,90.0,91.0,92.0,93.0,95.0,96.0,98.0,99.0,99.0,99.0,90.0,94.0,93.0,95.0,93.0,96.0,96.0,98.0,96.0,93.0,93.0,,
48,Costa Rica,CRI,,,,,,,,,,,,,,,,,,,,,86.0,85.0,81.0,86.0,93.0,90.0,89.0,94.0,87.0,86.0,95.0,90.0,90.0,88.0,88.0,85.0,85.0,94.0,85.0,86.0,88.0,91.0,94.0,88.0,90.0,91.0,89.0,89.0,90.0,86.0,88.0,85.0,91.0,95.0,91.0,92.0,97.0,96.0,94.0,95.0,97.0,99.0,,
50,Cuba,CUB,,,,,,,,,,,,,,,,,,,,,67.0,68.0,99.0,99.0,86.0,91.0,99.0,87.0,98.0,96.0,92.0,99.0,94.0,99.0,99.0,99.0,90.0,99.0,99.0,95.0,95.0,98.0,99.0,72.0,88.0,89.0,89.0,93.0,95.0,96.0,96.0,97.0,99.0,99.0,99.0,99.0,99.0,99.0,99.0,99.0,99.0,99.0,,
53,Cyprus,CYP,,,,,,,,,,,,,,,,,,,,,34.0,56.0,26.0,34.0,30.0,61.0,91.0,93.0,90.0,93.0,93.0,94.0,94.0,95.0,95.0,96.0,98.0,98.0,98.0,97.0,97.0,97.0,98.0,98.0,98.0,98.0,97.0,97.0,97.0,99.0,99.0,99.0,99.0,99.0,99.0,97.0,97.0,97.0,99.0,96.0,96.0,96.0,,
54,Czechia,CZE,,,,,,,,,,,,,,,,,,,,,,,,,,,,,,,,,,99.0,98.0,96.0,97.0,98.0,98.0,98.0,98.0,98.0,98.0,97.0,98.0,97.0,98.0,99.0,99.0,99.0,99.0,99.0,99.0,98.0,97.0,97.0,96.0,96.0,97.0,97.0,97.0,94.0,,
55,Germany,DEU,,,,,,,,,,,,,,,,,,,,,,95.0,97.0,93.0,94.0,80.0,90.0,80.0,80.0,80.0,80.0,80.0,85.0,62.0,73.0,78.0,84.0,87.0,89.0,97.0,90.0,93.0,93.0,97.0,96.0,96.0,96.0,96.0,96.0,96.0,96.0,95.0,95.0,93.0,93.0,93.0,91.0,91.0,91.0,91.0,91.0,91.0,,
56,Djibouti,DJI,,,,,,,,,,,,,,,,,,,,,,,6.0,14.0,21.0,22.0,24.0,25.0,65.0,77.0,85.0,53.0,41.0,41.0,41.0,41.0,41.0,32.0,23.0,23.0,46.0,53.0,62.0,68.0,64.0,71.0,72.0,88.0,89.0,89.0,88.0,87.0,81.0,82.0,78.0,84.0,68.0,76.0,84.0,85.0,70.0,59.0,,
57,Dominica,DMA,,,,,,,,,,,,,,,,,,,,,63.0,97.0,99.0,93.0,84.0,91.0,93.0,95.0,96.0,92.0,92.0,98.0,99.0,99.0,99.0,99.0,99.0,92.0,99.0,99.0,99.0,99.0,98.0,99.0,99.0,98.0,95.0,96.0,96.0,99.0,98.0,98.0,97.0,96.0,97.0,98.0,99.0,91.0,94.0,99.0,96.0,92.0,,
58,Denmark,DNK,,,,,,,,,,,,,,,,,,,,,88.0,88.0,87.0,86.0,86.0,90.0,89.0,88.0,87.0,89.0,90.0,90.0,91.0,88.0,89.0,90.0,77.0,92.0,99.0,99.0,97.0,97.0,98.0,96.0,95.0,93.0,93.0,87.0,88.0,89.0,90.0,91.0,94.0,94.0,94.0,93.0,94.0,98.0,97.0,97.0,97.0,97.0,,
59,Dominican Republic,DOM,,,,,,,,,,,,,,,,,,,,,36.0,27.0,28.0,29.0,34.0,39.0,80.0,80.0,69.0,58.0,69.0,71.0,73.0,75.0,74.0,72.0,72.0,73.0,75.0,83.0,78.0,72.0,82.0,79.0,79.0,87.0,89.0,85.0,82.0,82.0,88.0,84.0,85.0,83.0,91.0,85.0,87.0,84.0,87.0,89.0,82.0,84.0,,
60,Algeria,DZA,,,,,,,,,,,,,,,,,,,,,,,,,,69.0,73.0,79.0,85.0,87.0,89.0,89.0,88.0,88.0,87.0,88.0,88.0,89.0,85.0,83.0,86.0,89.0,86.0,87.0,86.0,88.0,95.0,95.0,93.0,95.0,95.0,95.0,95.0,95.0,95.0,95.0,91.0,91.0,91.0,91.0,91.0,91.0,,
66,Ecuador,ECU,,,,,,,,,,,,,,,,,,,,,10.0,26.0,35.0,31.0,48.0,41.0,44.0,51.0,54.0,55.0,68.0,59.0,87.0,85.0,84.0,83.0,82.0,81.0,85.0,79.0,87.0,89.0,88.0,87.0,88.0,92.0,96.0,96.0,96.0,94.0,91.0,88.0,87.0,87.0,83.0,78.0,83.0,85.0,85.0,85.0,70.0,72.0,,
67,"Egypt, Arab Rep.",EGY,,,,,,,,,,,,,,,,,,,,,57.0,57.0,57.0,57.0,69.0,84.0,80.0,81.0,87.0,90.0,87.0,76.0,79.0,81.0,83.0,88.0,90.0,88.0,92.0,97.0,98.0,99.0,97.0,98.0,97.0,98.0,98.0,98.0,97.0,97.0,97.0,96.0,93.0,97.0,94.0,93.0,95.0,94.0,95.0,95.0,94.0,96.0,,
69,Eritrea,ERI,,,,,,,,,,,,,,,,,,,,,,,,,,,,,,,,,,32.0,49.0,58.0,66.0,75.0,86.0,93.0,81.0,86.0,90.0,93.0,98.0,96.0,94.0,95.0,95.0,95.0,95.0,94.0,94.0,94.0,94.0,95.0,95.0,95.0,95.0,95.0,95.0,95.0,,
70,Spain,ESP,,,,,,,,,,,,,,,,,,,,,,,,,95.0,79.0,88.0,77.0,93.0,93.0,86.0,86.0,84.0,87.0,88.0,90.0,90.0,94.0,95.0,95.0,95.0,96.0,98.0,98.0,97.0,96.0,98.0,96.0,97.0,96.0,97.0,97.0,96.0,96.0,97.0,97.0,97.0,95.0,96.0,95.0,94.0,92.0,,
71,Estonia,EST,,,,,,,,,,,,,,,,,,,,,,,,,,,,,,,,,,71.0,77.0,82.0,87.0,87.0,88.0,91.0,93.0,94.0,94.0,94.0,94.0,96.0,95.0,95.0,95.0,95.0,94.0,93.0,94.0,94.0,93.0,93.0,93.0,93.0,92.0,91.0,91.0,90.0,,
72,Ethiopia,ETH,,,,,,,,,,,,,,,,,,,,,,3.0,3.0,4.0,4.0,6.0,7.0,16.0,16.0,26.0,49.0,21.0,13.0,28.0,57.0,57.0,55.0,55.0,42.0,28.0,30.0,33.0,35.0,38.0,40.0,44.0,46.0,50.0,54.0,58.0,61.0,65.0,62.0,59.0,61.0,63.0,66.0,68.0,67.0,68.0,71.0,65.0,,
75,Finland,FIN,,,,,,,,,,,,,,,,,,,,,92.0,92.0,94.0,94.0,95.0,96.0,97.0,98.0,99.0,90.0,90.0,95.0,99.0,99.0,99.0,99.0,99.0,99.0,99.0,99.0,99.0,98.0,98.0,98.0,98.0,97.0,97.0,99.0,99.0,99.0,99.0,99.0,99.0,98.0,98.0,97.0,92.0,89.0,91.0,91.0,90.0,89.0,,
76,Fiji,FJI,,,,,,,,,,,,,,,,,,,,,68.0,70.0,64.0,80.0,77.0,69.0,71.0,90.0,98.0,98.0,97.0,99.0,97.0,96.0,96.0,97.0,97.0,86.0,87.0,89.0,90.0,91.0,93.0,94.0,95.0,96.0,98.0,99.0,99.0,99.0,99.0,99.0,99.0,99.0,99.0,99.0,99.0,99.0,99.0,99.0,99.0,99.0,,
77,France,FRA,,,,,,,,,,,,,,,,,,,,,79.0,79.0,85.0,90.0,94.0,95.0,96.0,88.0,79.0,95.0,94.0,94.0,94.0,94.0,96.0,96.0,97.0,97.0,96.0,97.0,97.0,97.0,97.0,97.0,98.0,98.0,99.0,99.0,99.0,98.0,99.0,99.0,99.0,99.0,98.0,97.0,96.0,96.0,96.0,96.0,96.0,96.0,,
79,"Micronesia, Fed. Sts.",FSM,,,,,,,,,,,,,,,,,,,,,,,,,,,,57.0,85.0,95.0,85.0,79.0,91.0,78.0,81.0,83.0,79.0,75.0,80.0,76.0,85.0,75.0,84.0,92.0,78.0,94.0,67.0,79.0,85.0,91.0,85.0,84.0,81.0,81.0,77.0,72.0,69.0,73.0,75.0,78.0,83.0,72.0,,
80,Gabon,GAB,,,,,,,,,,,,,,,,,,,,,,,,14.0,31.0,48.0,59.0,65.0,72.0,78.0,78.0,72.0,66.0,67.0,69.0,70.0,62.0,54.0,50.0,45.0,45.0,45.0,45.0,45.0,45.0,45.0,45.0,81.0,82.0,76.0,67.0,75.0,82.0,79.0,70.0,80.0,75.0,75.0,70.0,70.0,63.0,75.0,,
81,United Kingdom,GBR,,,,,,,,,,,,,,,,,,,,,41.0,46.0,53.0,59.0,65.0,65.0,67.0,73.0,75.0,78.0,84.0,88.0,92.0,93.0,93.0,94.0,94.0,92.0,91.0,92.0,91.0,91.0,91.0,91.0,92.0,91.0,92.0,92.0,92.0,93.0,94.0,95.0,95.0,95.0,95.0,95.0,94.0,94.0,94.0,93.0,93.0,93.0,,
82,Georgia,GEO,,,,,,,,,,,,,,,,,,,,,,,,,,,,,,,,,58.0,54.0,58.0,79.0,80.0,80.0,80.0,84.0,80.0,87.0,84.0,75.0,78.0,82.0,88.0,98.0,92.0,88.0,92.0,94.0,92.0,93.0,91.0,94.0,92.0,91.0,93.0,94.0,88.0,85.0,,
83,Ghana,GHA,,,,,,,,,,,,,,,,,,,,,7.0,22.0,23.0,23.0,19.0,22.0,35.0,42.0,47.0,51.0,58.0,60.0,62.0,66.0,70.0,70.0,71.0,71.0,76.0,79.0,88.0,79.0,78.0,80.0,80.0,84.0,84.0,94.0,93.0,94.0,94.0,91.0,92.0,90.0,98.0,88.0,93.0,99.0,97.0,97.0,94.0,98.0,,
85,Guinea,GIN,,,,,,,,,,,,,,,,,,,,,,,15.0,15.0,15.0,15.0,15.0,15.0,16.0,17.0,17.0,36.0,52.0,53.0,53.0,54.0,48.0,47.0,56.0,43.0,46.0,50.0,53.0,57.0,60.0,59.0,57.0,63.0,60.0,57.0,64.0,63.0,57.0,50.0,44.0,47.0,47.0,47.0,47.0,47.0,47.0,47.0,,
86,"Gambia, The",GMB,,,,,,,,,,,,,,,,,,,,,63.0,76.0,80.0,62.0,70.0,78.0,73.0,85.0,82.0,87.0,92.0,85.0,85.0,90.0,93.0,96.0,96.0,96.0,85.0,74.0,80.0,87.0,87.0,87.0,87.0,95.0,95.0,95.0,96.0,98.0,97.0,96.0,98.0,97.0,96.0,97.0,95.0,92.0,93.0,88.0,85.0,82.0,,
87,Guinea-Bissau,GNB,,,,,,,,,,,,,,,,,,,,,,,,9.0,18.0,18.0,47.0,55.0,66.0,54.0,61.0,63.0,67.0,63.0,74.0,45.0,53.0,63.0,54.0,45.0,49.0,53.0,57.0,60.0,64.0,68.0,71.0,74.0,77.0,80.0,83.0,86.0,87.0,87.0,86.0,86.0,85.0,79.0,82.0,78.0,74.0,67.0,,
88,Equatorial Guinea,GNQ,,,,,,,,,,,,,,,,,,,,,,,,,,3.0,3.0,10.0,19.0,48.0,77.0,77.0,76.0,76.0,77.0,79.0,80.0,81.0,81.0,33.0,35.0,37.0,39.0,41.0,43.0,44.0,46.0,48.0,50.0,52.0,54.0,54.0,54.0,53.0,53.0,40.0,53.0,53.0,53.0,53.0,53.0,53.0,,
89,Greece,GRC,,,,,,,,,,,,,,,,,,,,,72.0,95.0,83.0,72.0,60.0,54.0,80.0,82.0,83.0,54.0,54.0,85.0,89.0,89.0,90.0,90.0,90.0,90.0,89.0,88.0,89.0,91.0,92.0,94.0,95.0,96.0,98.0,99.0,99.0,99.0,99.0,99.0,99.0,99.0,99.0,99.0,99.0,99.0,99.0,99.0,99.0,99.0,,
90,Grenada,GRD,,,,,,,,,,,,,,,,,,,,,25.0,43.0,56.0,68.0,76.0,61.0,98.0,80.0,65.0,87.0,80.0,85.0,90.0,89.0,91.0,95.0,80.0,95.0,97.0,88.0,97.0,96.0,98.0,97.0,83.0,99.0,91.0,96.0,99.0,99.0,97.0,95.0,97.0,97.0,97.0,92.0,96.0,96.0,95.0,92.0,72.0,72.0,,
92,Guatemala,GTM,,,,,,,,,,,,,,,,,,,,,43.0,42.0,45.0,44.0,48.0,21.0,37.0,16.0,47.0,50.0,66.0,63.0,66.0,75.0,71.0,77.0,66.0,73.0,78.0,77.0,81.0,77.0,82.0,84.0,87.0,87.0,89.0,85.0,95.0,92.0,94.0,88.0,96.0,96.0,74.0,70.0,83.0,91.0,85.0,85.0,83.0,79.0,,
94,Guyana,GUY,,,,,,,,,,,,,,,,,,,,,35.0,45.0,53.0,58.0,70.0,75.0,64.0,67.0,64.0,77.0,83.0,81.0,79.0,93.0,90.0,86.0,83.0,88.0,90.0,83.0,88.0,85.0,91.0,90.0,91.0,93.0,93.0,94.0,93.0,98.0,95.0,93.0,97.0,98.0,98.0,95.0,97.0,97.0,95.0,99.0,99.0,91.0,,
97,Honduras,HND,,,,,,,,,,,,,,,,,,,,,28.0,34.0,46.0,52.0,41.0,58.0,62.0,58.0,74.0,85.0,84.0,94.0,93.0,94.0,94.0,94.0,94.0,95.0,97.0,95.0,94.0,96.0,95.0,92.0,94.0,98.0,95.0,94.0,93.0,97.0,97.0,97.0,98.0,99.0,99.0,98.0,95.0,90.0,91.0,88.0,80.0,77.0,,
99,Croatia,HRV,,,,,,,,,,,,,,,,,,,,,,,,,,,,,,,,,83.0,85.0,87.0,90.0,91.0,92.0,93.0,93.0,93.0,94.0,95.0,94.0,96.0,96.0,96.0,96.0,96.0,96.0,97.0,96.0,96.0,96.0,95.0,94.0,93.0,92.0,93.0,94.0,94.0,92.0,,
100,Haiti,HTI,,,,,,,,,,,,,,,,,,,,,3.0,14.0,13.0,9.0,14.0,19.0,24.0,28.0,48.0,50.0,41.0,36.0,38.0,39.0,41.0,42.0,42.0,42.0,41.0,39.0,43.0,46.0,50.0,53.0,57.0,60.0,62.0,64.0,64.0,65.0,67.0,68.0,66.0,65.0,63.0,64.0,64.0,64.0,64.0,51.0,51.0,51.0,,
101,Hungary,HUN,,,,,,,,,,,,,,,,,,,,,99.0,99.0,99.0,99.0,99.0,99.0,99.0,99.0,99.0,99.0,99.0,99.0,99.0,99.0,99.0,99.0,99.0,99.0,99.0,99.0,99.0,99.0,99.0,99.0,99.0,99.0,99.0,99.0,99.0,99.0,99.0,99.0,99.0,99.0,99.0,99.0,99.0,99.0,99.0,99.0,99.0,99.0,,
106,Indonesia,IDN,,,,,,,,,,,,,,,,,,,,,,1.0,1.0,6.0,13.0,27.0,47.0,50.0,54.0,57.0,60.0,62.0,64.0,66.0,68.0,69.0,72.0,73.0,74.0,75.0,75.0,76.0,70.0,71.0,71.0,72.0,72.0,73.0,77.0,78.0,81.0,81.0,87.0,92.0,88.0,84.0,84.0,85.0,85.0,85.0,77.0,67.0,,
109,India,IND,,,,,,,,,,,,,,,,,,,,,6.0,6.0,12.0,14.0,16.0,18.0,20.0,30.0,40.0,50.0,70.0,57.0,56.0,61.0,67.0,71.0,66.0,62.0,61.0,59.0,58.0,59.0,59.0,61.0,63.0,65.0,65.0,64.0,70.0,74.0,79.0,82.0,82.0,83.0,85.0,87.0,88.0,89.0,90.0,91.0,85.0,85.0,,
111,Ireland,IRL,,,,,,,,,,,,,,,,,,,,,34.0,36.0,43.0,42.0,45.0,45.0,44.0,44.0,43.0,65.0,65.0,67.0,68.0,70.0,71.0,73.0,74.0,76.0,84.0,86.0,86.0,84.0,83.0,86.0,89.0,90.0,91.0,92.0,93.0,94.0,94.0,95.0,95.0,96.0,96.0,95.0,95.0,95.0,94.0,94.0,94.0,94.0,,
112,"Iran, Islamic Rep.",IRN,,,,,,,,,,,,,,,,,,,,,32.0,29.0,41.0,33.0,33.0,51.0,57.0,57.0,88.0,82.0,91.0,88.0,97.0,99.0,95.0,98.0,99.0,99.0,99.0,99.0,99.0,96.0,99.0,99.0,99.0,95.0,98.0,99.0,99.0,99.0,99.0,99.0,99.0,98.0,99.0,98.0,99.0,99.0,99.0,99.0,99.0,98.0,,
113,Iraq,IRQ,,,,,,,,,,,,,,,,,,,,,14.0,13.0,18.0,16.0,67.0,86.0,91.0,94.0,87.0,87.0,83.0,78.0,74.0,70.0,72.0,74.0,76.0,78.0,76.0,81.0,80.0,78.0,77.0,75.0,74.0,65.0,59.0,57.0,69.0,78.0,74.0,81.0,72.0,73.0,73.0,68.0,71.0,81.0,86.0,84.0,74.0,78.0,,
114,Iceland,ISL,,,,,,,,,,,,,,,,,,,,,99.0,99.0,98.0,94.0,99.0,99.0,99.0,99.0,99.0,99.0,99.0,99.0,99.0,99.0,99.0,99.0,99.0,99.0,99.0,98.0,98.0,92.0,95.0,97.0,99.0,95.0,97.0,97.0,98.0,96.0,96.0,95.0,89.0,91.0,90.0,92.0,91.0,89.0,91.0,92.0,93.0,92.0,,
115,Israel,ISR,,,,,,,,,,,,,,,,,,,,,84.0,91.0,92.0,89.0,87.0,85.0,92.0,92.0,92.0,92.0,93.0,94.0,95.0,96.0,95.0,96.0,94.0,95.0,92.0,91.0,93.0,92.0,90.0,93.0,95.0,93.0,95.0,95.0,94.0,96.0,95.0,94.0,94.0,96.0,95.0,95.0,94.0,98.0,98.0,98.0,98.0,98.0,,
116,Italy,ITA,,,,,,,,,,,,,,,,,,,,,,,,,,,,,,,83.0,95.0,95.0,95.0,95.0,95.0,96.0,95.0,95.0,95.0,87.0,93.0,93.0,96.0,94.0,95.0,96.0,97.0,96.0,96.0,96.0,96.0,97.0,96.0,95.0,93.0,94.0,95.0,95.0,96.0,94.0,94.0,,
117,Jamaica,JAM,,,,,,,,,,,,,,,,,,,,,24.0,39.0,34.0,51.0,58.0,60.0,74.0,81.0,82.0,85.0,86.0,85.0,84.0,91.0,93.0,90.0,92.0,90.0,86.0,89.0,93.0,99.0,99.0,96.0,98.0,99.0,95.0,92.0,91.0,90.0,94.0,92.0,96.0,93.0,92.0,91.0,99.0,93.0,97.0,96.0,96.0,90.0,,
118,Jordan,JOR,,,,,,,,,,,,,,,,,,,,,30.0,81.0,75.0,76.0,81.0,85.0,88.0,90.0,93.0,94.0,92.0,92.0,92.0,91.0,94.0,95.0,96.0,99.0,99.0,85.0,91.0,99.0,95.0,97.0,95.0,95.0,98.0,98.0,97.0,98.0,98.0,98.0,98.0,98.0,98.0,99.0,98.0,99.0,96.0,89.0,77.0,77.0,,
119,Japan,JPN,,,,,,,,,,,,,,,,,,,,,60.0,75.0,81.0,80.0,82.0,83.0,84.0,85.0,86.0,87.0,90.0,92.0,87.0,85.0,80.0,74.0,99.0,70.0,75.0,80.0,85.0,95.0,96.0,97.0,99.0,98.0,98.0,98.0,98.0,97.0,97.0,97.0,97.0,96.0,96.0,96.0,99.0,99.0,98.0,98.0,96.0,96.0,,
120,Kazakhstan,KAZ,,,,,,,,,,,,,,,,,,,,,,,,,,,,,,,,,81.0,76.0,76.0,93.0,95.0,97.0,99.0,98.0,97.0,95.0,95.0,99.0,82.0,98.0,99.0,93.0,99.0,98.0,99.0,99.0,99.0,98.0,95.0,98.0,82.0,99.0,98.0,97.0,88.0,95.0,,
121,Kenya,KEN,,,,,,,,,,,,,,,,,,,,,,,,,58.0,70.0,72.0,77.0,82.0,83.0,84.0,86.0,87.0,89.0,92.0,94.0,87.0,79.0,81.0,82.0,82.0,80.0,84.0,73.0,73.0,76.0,80.0,81.0,88.0,88.0,90.0,96.0,94.0,87.0,92.0,89.0,89.0,82.0,92.0,91.0,89.0,91.0,,
122,Kyrgyz Republic,KGZ,,,,,,,,,,,,,,,,,,,,,,,,,,,,,,,,,84.0,64.0,82.0,93.0,98.0,98.0,97.0,99.0,99.0,99.0,98.0,98.0,99.0,98.0,92.0,94.0,95.0,95.0,96.0,96.0,96.0,97.0,96.0,97.0,96.0,92.0,94.0,95.0,87.0,89.0,,
123,Cambodia,KHM,,,,,,,,,,,,,,,,,,,,,,,,,17.0,23.0,37.0,37.0,45.0,47.0,38.0,38.0,32.0,35.0,37.0,39.0,43.0,46.0,47.0,53.0,59.0,60.0,54.0,69.0,85.0,82.0,80.0,82.0,91.0,94.0,90.0,91.0,90.0,86.0,91.0,92.0,93.0,93.0,92.0,92.0,92.0,92.0,,
124,Kiribati,KIR,,,,,,,,,,,,,,,,,,,,,43.0,29.0,53.0,40.0,18.0,37.0,37.0,36.0,63.0,79.0,97.0,70.0,86.0,99.0,71.0,60.0,79.0,91.0,88.0,78.0,90.0,85.0,77.0,70.0,62.0,79.0,86.0,94.0,82.0,86.0,91.0,99.0,94.0,95.0,75.0,78.0,81.0,90.0,95.0,97.0,92.0,92.0,,
125,St. Kitts and Nevis,KNA,,,,,,,,,,,,,,,,,,,,,56.0,67.0,92.0,90.0,97.0,92.0,99.0,96.0,94.0,99.0,99.0,99.0,99.0,99.0,99.0,99.0,99.0,99.0,98.0,99.0,99.0,99.0,97.0,99.0,96.0,99.0,99.0,99.0,99.0,98.0,96.0,98.0,98.0,97.0,98.0,94.0,98.0,98.0,98.0,97.0,99.0,96.0,,
126,"Korea, Rep.",KOR,,,,,,,,,,,,,,,,,,,,,,61.0,61.0,69.0,76.0,76.0,76.0,57.0,58.0,89.0,74.0,79.0,84.0,88.0,93.0,99.0,90.0,80.0,74.0,86.0,97.0,97.0,97.0,97.0,88.0,96.0,98.0,91.0,94.0,94.0,94.0,99.0,99.0,99.0,99.0,98.0,98.0,97.0,98.0,98.0,98.0,98.0,,
127,Kuwait,KWT,,,,,,,,,,,,,,,,,,,,,67.0,79.0,83.0,89.0,89.0,90.0,91.0,92.0,94.0,94.0,71.0,80.0,88.0,97.0,99.0,99.0,99.0,96.0,95.0,94.0,98.0,99.0,99.0,99.0,98.0,99.0,99.0,99.0,99.0,99.0,98.0,99.0,98.0,99.0,95.0,99.0,99.0,99.0,91.0,92.0,93.0,94.0,,
129,Lao PDR,LAO,,,,,,,,,,,,,,,,,,,,,,7.0,7.0,7.0,5.0,4.0,5.0,10.0,17.0,21.0,18.0,22.0,23.0,25.0,48.0,54.0,58.0,60.0,54.0,55.0,51.0,52.0,53.0,49.0,45.0,49.0,57.0,50.0,61.0,67.0,74.0,76.0,77.0,83.0,83.0,83.0,83.0,84.0,85.0,80.0,79.0,75.0,,
130,Lebanon,LBN,,,,,,,,,,,,,,,,,,,,,,2.0,4.0,4.0,4.0,17.0,30.0,46.0,63.0,79.0,82.0,86.0,90.0,91.0,92.0,93.0,93.0,92.0,89.0,86.0,83.0,80.0,77.0,74.0,75.0,77.0,78.0,80.0,81.0,81.0,82.0,82.0,83.0,83.0,83.0,83.0,83.0,83.0,83.0,83.0,71.0,67.0,,
131,Liberia,LBR,,,,,,,,,,,,,,,,,,,,,,,,,,,,,,,,,,,,,,,,50.0,46.0,42.0,39.0,35.0,31.0,60.0,60.0,65.0,75.0,81.0,70.0,77.0,80.0,80.0,63.0,65.0,73.0,80.0,80.0,70.0,65.0,66.0,,
132,Libya,LBY,,,,,,,,,,,,,,,,,,,,,60.0,67.0,72.0,79.0,81.0,81.0,82.0,82.0,84.0,87.0,84.0,87.0,90.0,96.0,95.0,95.0,96.0,96.0,95.0,94.0,94.0,94.0,93.0,95.0,97.0,98.0,98.0,98.0,98.0,98.0,98.0,98.0,98.0,96.0,94.0,97.0,97.0,96.0,73.0,73.0,73.0,73.0,,
133,St. Lucia,LCA,,,,,,,,,,,,,,,,,,,,,56.0,64.0,79.0,81.0,83.0,87.0,78.0,85.0,78.0,92.0,89.0,96.0,96.0,97.0,93.0,98.0,88.0,98.0,88.0,89.0,70.0,99.0,74.0,90.0,91.0,95.0,85.0,99.0,96.0,95.0,97.0,99.0,98.0,99.0,99.0,99.0,95.0,80.0,95.0,92.0,86.0,80.0,,
136,Low income,LIC,,,,,,,,,,,,,,,,,,,,,5.16709620832962,13.3579808578175,14.3098204616,15.8642211263927,17.7255092286181,20.6458534183805,26.236997222472,32.5448966300043,37.1978819905716,45.5941475380296,52.8751748126916,42.6013995723907,40.9755241228652,44.5064993892744,45.5454215497269,47.3673895132331,46.9832696995578,45.8439364395047,43.9589050761912,44.5682701942316,48.5193701147789,49.6630743953787,51.6282579320052,55.7416799714714,59.8783691098418,64.3786832073151,66.0064504172853,68.4081908172213,69.489546084672,71.5116821153118,71.5069632578973,73.515988857377,72.1422457232372,71.3136479330994,72.5318960024534,72.7392754648124,73.9453386297114,75.0231311439332,74.9099523112351,76.343559814619,74.5984148762657,70.4685501018381,,
138,Sri Lanka,LKA,,,,,,,,,,,,,,,,,,,,,46.0,45.0,57.0,64.0,66.0,70.0,75.0,77.0,83.0,87.0,86.0,86.0,88.0,90.0,88.0,93.0,92.0,97.0,94.0,99.0,99.0,98.0,98.0,99.0,97.0,99.0,98.0,98.0,98.0,97.0,99.0,99.0,99.0,99.0,99.0,99.0,99.0,99.0,99.0,99.0,96.0,96.0,,
139,Lower middle income,LMC,,,,,,,,,,,,,,,,,,,,,9.75029377291441,10.7476146591382,14.8815137442496,17.3942147316325,21.5041998813728,28.2081809315028,31.7426329315425,38.897473597986,47.5094882323734,56.6025823837889,69.8715951070557,61.8807804073124,61.6202954732191,62.7119986423318,67.6127929329834,69.8867798078905,66.8466715215055,65.2693999171665,65.7989625444822,64.7029986644866,64.9867727598224,65.6328577206553,65.2326190195462,67.8161463532368,70.2884502236618,70.6321591245696,71.1506266784722,70.549377727459,74.3137639626646,77.1188097091408,78.0790328461298,79.7572957174778,79.5096899823083,78.8265608688516,80.5782684732329,81.1947304805031,83.3383772647129,83.5431266474916,83.9867410590459,84.6955086183594,80.9932678752887,79.9302026425764,,
140,Low & middle income,LMY,,,,,,,,,,,,,,,,,,,,,10.8093225093209,12.8301557169144,15.2992298929996,30.8908142641588,37.6466200946216,42.5410973547916,45.8911073270466,50.7701399809348,60.9329304043872,66.3610264806723,74.6521401221633,70.0579758504803,68.5795912832348,68.4134333808688,70.7332306120276,71.1456960506399,70.0664461213759,69.4401053572012,69.8141476564823,69.4492033192941,70.2128580663949,70.7450441705634,70.4235789943661,72.1498377628661,74.3369385063883,75.2574647857603,76.6421937551884,76.7521794226327,79.7047641544876,81.8374129090862,82.3866016848926,83.5101741192441,83.2753848576122,82.9040206898244,83.7324135701498,83.9202360957542,85.1109732789612,85.318495986919,85.5366547133366,85.4701646000613,82.2463445658236,80.2583423322263,,
141,Lesotho,LSO,,,,,,,,,,,,,,,,,,,,,56.0,56.0,61.0,66.0,74.0,82.0,81.0,79.0,80.0,81.0,82.0,84.0,85.0,86.0,87.0,88.0,87.0,87.0,88.0,88.0,83.0,78.0,84.0,90.0,90.0,89.0,89.0,88.0,88.0,91.0,93.0,96.0,95.0,93.0,88.0,83.0,87.0,87.0,87.0,87.0,87.0,87.0,,
143,Lithuania,LTU,,,,,,,,,,,,,,,,,,,,,,,,,,,,,,,,,78.0,83.0,83.0,90.0,91.0,90.0,93.0,93.0,94.0,95.0,95.0,94.0,94.0,94.0,94.0,95.0,96.0,98.0,95.0,92.0,93.0,93.0,93.0,93.0,94.0,94.0,92.0,92.0,91.0,90.0,,
144,Luxembourg,LUX,,,,,,,,,,,,,,,,,,,,,,,,75.0,68.0,77.0,86.0,95.0,90.0,90.0,90.0,91.0,93.0,94.0,95.0,97.0,98.0,98.0,98.0,98.0,99.0,99.0,99.0,98.0,99.0,99.0,99.0,99.0,99.0,99.0,99.0,99.0,99.0,99.0,99.0,99.0,99.0,99.0,99.0,99.0,99.0,99.0,,
145,Latvia,LVA,,,,,,,,,,,,,,,,,,,,,,,,,,,,,,,,,87.0,80.0,97.0,98.0,93.0,92.0,94.0,95.0,96.0,97.0,97.0,98.0,99.0,99.0,96.0,94.0,94.0,94.0,92.0,92.0,91.0,94.0,92.0,94.0,98.0,98.0,96.0,99.0,99.0,94.0,,
148,Morocco,MAR,,,,,,,,,,,,,,,,,,,,,,,32.0,41.0,45.0,51.0,63.0,85.0,82.0,80.0,81.0,81.0,87.0,86.0,87.0,90.0,95.0,94.0,93.0,91.0,95.0,96.0,94.0,91.0,97.0,98.0,97.0,95.0,99.0,99.0,99.0,99.0,99.0,99.0,99.0,99.0,99.0,99.0,99.0,99.0,99.0,99.0,,
149,Monaco,MCO,,,,,,,,,,,,,,,,,,,,,,,,,,,,,99.0,99.0,99.0,98.0,98.0,99.0,99.0,99.0,99.0,99.0,99.0,99.0,99.0,99.0,99.0,99.0,99.0,99.0,99.0,99.0,99.0,99.0,99.0,99.0,99.0,99.0,99.0,99.0,99.0,99.0,99.0,99.0,99.0,99.0,,
150,Moldova,MDA,,,,,,,,,,,,,,,,,,,,,,,,,,,,,,,,,84.0,70.0,86.0,96.0,97.0,97.0,97.0,97.0,95.0,97.0,97.0,98.0,98.0,98.0,97.0,92.0,90.0,85.0,90.0,93.0,92.0,90.0,90.0,87.0,89.0,88.0,93.0,91.0,86.0,87.0,,
151,Madagascar,MDG,,,,,,,,,,,,,,,,,,,,,,,15.0,23.0,19.0,23.0,30.0,35.0,42.0,45.0,46.0,53.0,65.0,66.0,66.0,57.0,49.0,49.0,52.0,55.0,57.0,60.0,62.0,66.0,78.0,85.0,85.0,84.0,77.0,77.0,70.0,73.0,68.0,70.0,68.0,62.0,68.0,65.0,65.0,68.0,66.0,55.0,,
152,Maldives,MDV,,,,,,,,,,,,,,,,,,,,,4.0,1.0,1.0,13.0,24.0,28.0,42.0,42.0,86.0,91.0,94.0,98.0,98.0,90.0,96.0,94.0,97.0,97.0,97.0,97.0,98.0,98.0,98.0,98.0,96.0,98.0,98.0,98.0,98.0,98.0,96.0,96.0,99.0,99.0,99.0,99.0,99.0,99.0,99.0,98.0,99.0,96.0,,
154,Mexico,MEX,,,,,,,,,,,,,,,,,,,,,44.0,43.0,40.0,41.0,52.0,40.0,51.0,62.0,60.0,65.0,53.0,88.0,90.0,82.0,91.0,91.0,95.0,95.0,96.0,96.0,97.0,97.0,97.0,98.0,98.0,98.0,98.0,98.0,96.0,95.0,95.0,97.0,99.0,83.0,87.0,87.0,93.0,85.0,88.0,82.0,72.0,78.0,,
155,Marshall Islands,MHL,,,,,,,,,,,,,,,,,,,,,,,,,,,,,92.0,92.0,92.0,71.0,82.0,56.0,67.0,70.0,78.0,78.0,86.0,66.0,39.0,48.0,80.0,68.0,64.0,77.0,74.0,93.0,95.0,96.0,94.0,87.0,80.0,79.0,78.0,85.0,71.0,80.0,81.0,79.0,82.0,86.0,,
156,Middle income,MIC,,,,,,,,,,,,,,,,,,,,,11.373959027549,12.777616117822,15.397504829438,32.3727761898918,39.6403508044545,44.7858214759305,47.9232988225623,52.6678744075319,63.4192864167597,68.5826401657312,77.0284145935913,73.0803324818938,71.6113947593039,71.2208716561344,73.810663609861,74.1404898776574,73.0711898478509,72.6192319511016,73.3890370943028,72.9655051915236,73.346210255078,73.8342804284125,73.2290849759057,74.6656513772227,76.6014459720705,76.9926278309007,78.3708597215336,78.1375494209598,81.4305358790384,83.600186860134,84.2624415612029,85.2929791790706,85.2913350519446,85.0148947610713,85.7931985588068,86.0134188333946,87.2452467400876,87.3268027751435,87.6482021571219,87.3529364519395,83.8964043482487,82.4654373316229,,
157,North Macedonia,MKD,,,,,,,,,,,,,,,,,,,,,,,,,,,,,,,,,,90.0,88.0,95.0,93.0,97.0,94.0,95.0,95.0,91.0,96.0,96.0,94.0,97.0,93.0,95.0,95.0,96.0,95.0,96.0,95.0,98.0,95.0,91.0,95.0,91.0,92.0,92.0,84.0,81.0,,
158,Mali,MLI,,,,,,,,,,,,,,,,,,,,,,,,,,8.0,8.0,8.0,18.0,26.0,42.0,34.0,38.0,46.0,39.0,49.0,53.0,52.0,52.0,40.0,43.0,49.0,61.0,63.0,69.0,77.0,78.0,74.0,74.0,73.0,73.0,66.0,65.0,64.0,66.0,71.0,76.0,77.0,77.0,77.0,70.0,77.0,,
159,Malta,MLT,,,,,,,,,,,,,,,,,,,,,,,,,50.0,37.0,86.0,87.0,87.0,47.0,63.0,86.0,82.0,83.0,88.0,92.0,92.0,92.0,92.0,93.0,94.0,95.0,95.0,94.0,89.0,92.0,85.0,74.0,72.0,73.0,76.0,96.0,99.0,99.0,99.0,97.0,97.0,98.0,97.0,98.0,98.0,99.0,,
160,Myanmar,MMR,,,,,,,,,,,,,,,,,,,,,4.0,5.0,9.0,11.0,12.0,16.0,20.0,23.0,28.0,50.0,88.0,66.0,71.0,73.0,77.0,84.0,88.0,90.0,90.0,75.0,82.0,73.0,79.0,78.0,82.0,73.0,82.0,86.0,85.0,90.0,90.0,84.0,84.0,75.0,88.0,89.0,90.0,89.0,91.0,90.0,84.0,37.0,,
163,Mongolia,MNG,,,,,,,,,,,,,,,,,,,,,76.0,78.0,79.0,79.0,77.0,80.0,81.0,80.0,82.0,84.0,84.0,81.0,64.0,79.0,78.0,88.0,90.0,92.0,94.0,94.0,94.0,95.0,98.0,98.0,99.0,99.0,99.0,95.0,96.0,95.0,96.0,99.0,99.0,98.0,99.0,99.0,99.0,99.0,99.0,98.0,96.0,95.0,,
165,Mozambique,MOZ,,,,,,,,,,,,,,,,,,,,,,56.0,43.0,38.0,32.0,29.0,32.0,39.0,38.0,47.0,46.0,46.0,50.0,49.0,55.0,57.0,60.0,62.0,65.0,68.0,70.0,73.0,76.0,85.0,83.0,80.0,78.0,75.0,75.0,74.0,74.0,78.0,81.0,85.0,88.0,88.0,88.0,88.0,88.0,88.0,79.0,61.0,,
166,Mauritania,MRT,,,,,,,,,,,,,,,,,,,,,,18.0,20.0,20.0,21.0,27.0,32.0,30.0,28.0,28.0,33.0,29.0,39.0,44.0,50.0,55.0,50.0,28.0,16.0,53.0,51.0,75.0,89.0,76.0,70.0,71.0,68.0,75.0,74.0,64.0,64.0,75.0,80.0,80.0,81.0,73.0,74.0,76.0,77.0,80.0,72.0,68.0,,
167,Mauritius,MUS,,,,,,,,,,,,,,,,,,,,,89.0,82.0,94.0,89.0,85.0,88.0,86.0,84.0,86.0,85.0,85.0,91.0,88.0,88.0,89.0,93.0,89.0,90.0,89.0,85.0,88.0,92.0,88.0,99.0,98.0,97.0,97.0,97.0,99.0,99.0,99.0,98.0,98.0,98.0,97.0,97.0,96.0,94.0,97.0,96.0,93.0,92.0,,
168,Malawi,MWI,,,,,,,,,,,,,,,,,,,,,58.0,66.0,64.0,63.0,58.0,55.0,57.0,78.0,82.0,87.0,87.0,87.0,87.0,91.0,82.0,89.0,90.0,95.0,96.0,85.0,75.0,90.0,64.0,84.0,89.0,93.0,99.0,87.0,91.0,93.0,93.0,97.0,96.0,89.0,91.0,88.0,84.0,88.0,92.0,95.0,94.0,93.0,,
169,Malaysia,MYS,,,,,,,,,,,,,,,,,,,,,67.0,66.0,73.0,58.0,54.0,57.0,62.0,69.0,68.0,84.0,90.0,92.0,94.0,91.0,95.0,98.0,97.0,98.0,97.0,97.0,98.0,96.0,94.0,96.0,95.0,96.0,95.0,97.0,97.0,97.0,96.0,96.0,97.0,97.0,97.0,99.0,95.0,99.0,99.0,98.0,98.0,95.0,,
171,Namibia,NAM,,,,,,,,,,,,,,,,,,,,,,,,,,,,,,,,69.0,70.0,73.0,79.0,74.0,70.0,66.0,74.0,72.0,79.0,78.0,77.0,79.0,81.0,86.0,86.0,86.0,83.0,83.0,83.0,82.0,84.0,89.0,88.0,92.0,85.0,88.0,89.0,87.0,93.0,93.0,,
173,Niger,NER,,,,,,,,,,,,,,,,,,,,,,6.0,6.0,5.0,5.0,4.0,5.0,7.0,9.0,13.0,22.0,19.0,20.0,20.0,20.0,23.0,23.0,25.0,29.0,32.0,34.0,36.0,39.0,41.0,43.0,45.0,51.0,57.0,67.0,71.0,70.0,75.0,71.0,73.0,81.0,84.0,80.0,85.0,79.0,81.0,81.0,82.0,,
174,Nigeria,NGA,,,,,,,,,,,,,,,,,,,,,,,,,9.0,16.0,22.0,29.0,36.0,47.0,56.0,39.0,43.0,29.0,44.0,34.0,26.0,21.0,32.0,31.0,29.0,27.0,25.0,29.0,33.0,36.0,40.0,42.0,53.0,63.0,54.0,48.0,42.0,43.0,43.0,42.0,53.0,55.0,55.0,56.0,56.0,56.0,,
175,Nicaragua,NIC,,,,,,,,,,,,,,,,,,,,,16.0,23.0,27.0,24.0,33.0,39.0,45.0,51.0,47.0,68.0,70.0,75.0,81.0,81.0,81.0,80.0,80.0,80.0,73.0,79.0,83.0,87.0,85.0,86.0,79.0,86.0,88.0,93.0,97.0,98.0,98.0,98.0,98.0,98.0,98.0,98.0,98.0,98.0,98.0,98.0,92.0,87.0,,
176,Netherlands,NLD,,,,,,,,,,,,,,,,,,,,,96.0,96.0,97.0,97.0,97.0,97.0,97.0,97.0,97.0,97.0,97.0,97.0,98.0,97.0,97.0,97.0,97.0,97.0,97.0,97.0,97.0,97.0,97.0,98.0,98.0,96.0,96.0,97.0,97.0,97.0,97.0,97.0,97.0,97.0,96.0,95.0,95.0,94.0,93.0,94.0,94.0,95.0,,
177,Norway,NOR,,,,,,,,,,,,,,,,,,,,,,,,90.0,90.0,85.0,83.0,80.0,83.0,83.0,86.0,96.0,98.0,94.0,93.0,97.0,97.0,95.0,93.0,92.0,90.0,91.0,93.0,92.0,92.0,91.0,94.0,93.0,94.0,94.0,93.0,94.0,95.0,94.0,93.0,95.0,96.0,96.0,96.0,97.0,97.0,97.0,,
178,Nepal,NPL,,,,,,,,,,,,,,,,,,,,,8.0,16.0,18.0,23.0,27.0,32.0,38.0,46.0,45.0,44.0,43.0,46.0,49.0,51.0,54.0,54.0,65.0,78.0,71.0,65.0,74.0,72.0,72.0,78.0,80.0,75.0,89.0,82.0,82.0,89.0,82.0,92.0,90.0,92.0,92.0,91.0,87.0,90.0,91.0,93.0,84.0,91.0,,
179,Nauru,NRU,,,,,,,,,,,,,,,,,,,,,,,,,67.0,67.0,61.0,55.0,67.0,75.0,74.0,70.0,67.0,63.0,60.0,56.0,53.0,50.0,72.0,64.0,44.0,95.0,80.0,80.0,80.0,80.0,72.0,99.0,99.0,99.0,99.0,99.0,79.0,87.0,95.0,91.0,97.0,87.0,90.0,96.0,95.0,98.0,,
180,New Zealand,NZL,,,,,,,,,,,,,,,,,,,,,76.0,72.0,73.0,73.0,83.0,72.0,70.0,67.0,69.0,80.0,90.0,81.0,81.0,83.0,84.0,89.0,88.0,86.0,81.0,88.0,90.0,90.0,90.0,90.0,89.0,89.0,89.0,88.0,89.0,92.0,93.0,95.0,93.0,92.0,93.0,92.0,92.0,94.0,93.0,92.0,92.0,90.0,,
182,Oman,OMN,,,,,,,,,,,,,,,,,,,,,18.0,19.0,24.0,31.0,45.0,60.0,82.0,89.0,90.0,98.0,98.0,95.0,99.0,97.0,97.0,99.0,99.0,99.0,99.0,99.0,99.0,99.0,99.0,99.0,99.0,99.0,98.0,99.0,99.0,98.0,99.0,99.0,98.0,98.0,99.0,99.0,99.0,99.0,99.0,99.0,99.0,99.0,,
184,Pakistan,PAK,,,,,,,,,,,,,,,,,,,,,2.0,3.0,5.0,15.0,23.0,30.0,34.0,36.0,38.0,40.0,54.0,50.0,42.0,37.0,39.0,58.0,46.0,52.0,54.0,57.0,59.0,61.0,63.0,66.0,68.0,63.0,59.0,54.0,53.0,52.0,52.0,63.0,64.0,65.0,69.0,72.0,75.0,75.0,80.0,84.0,77.0,83.0,,
185,Panama,PAN,,,,,,,,,,,,,,,,,,,,,47.0,78.0,60.0,60.0,59.0,73.0,70.0,72.0,75.0,70.0,86.0,82.0,77.0,83.0,83.0,86.0,91.0,95.0,98.0,92.0,98.0,99.0,99.0,98.0,95.0,92.0,88.0,85.0,86.0,85.0,94.0,87.0,85.0,80.0,80.0,73.0,86.0,81.0,88.0,88.0,74.0,74.0,,
186,Peru,PER,,,,,,,,,,,,,,,,,,,,,16.0,20.0,23.0,23.0,28.0,48.0,50.0,43.0,60.0,58.0,72.0,71.0,83.0,87.0,87.0,90.0,94.0,90.0,94.0,99.0,98.0,90.0,95.0,94.0,86.0,77.0,94.0,93.0,93.0,93.0,93.0,91.0,95.0,88.0,88.0,90.0,89.0,83.0,84.0,88.0,72.0,82.0,,
187,Philippines,PHL,,,,,,,,,,,,,,,,,,,,,47.0,54.0,54.0,55.0,57.0,59.0,66.0,72.0,79.0,86.0,88.0,90.0,80.0,76.0,73.0,70.0,75.0,81.0,81.0,80.0,78.0,79.0,79.0,84.0,88.0,89.0,88.0,87.0,87.0,88.0,88.0,89.0,89.0,84.0,79.0,74.0,84.0,80.0,75.0,71.0,71.0,57.0,,
188,Palau,PLW,,,,,,,,,,,,,,,,,,,,,,,,,,,98.0,81.0,99.0,78.0,99.0,98.0,93.0,89.0,67.0,99.0,98.0,91.0,96.0,96.0,96.0,98.0,99.0,99.0,98.0,98.0,98.0,94.0,92.0,49.0,69.0,84.0,89.0,99.0,95.0,90.0,98.0,97.0,95.0,97.0,96.0,95.0,,
189,Papua New Guinea,PNG,,,,,,,,,,,,,,,,,,,,,32.0,32.0,29.0,27.0,34.0,40.0,44.0,44.0,48.0,53.0,68.0,68.0,58.0,58.0,61.0,62.0,56.0,45.0,60.0,60.0,59.0,55.0,61.0,68.0,62.0,72.0,70.0,66.0,56.0,64.0,55.0,58.0,57.0,60.0,52.0,49.0,46.0,36.0,35.0,35.0,39.0,31.0,,
190,Poland,POL,,,,,,,,,,,,,,,,,,,,,96.0,96.0,95.0,95.0,95.0,94.0,95.0,96.0,96.0,96.0,96.0,95.0,95.0,95.0,96.0,96.0,97.0,98.0,98.0,98.0,98.0,98.0,99.0,99.0,99.0,99.0,99.0,99.0,99.0,99.0,99.0,99.0,99.0,99.0,98.0,98.0,98.0,96.0,95.0,95.0,90.0,90.0,,
193,"Korea, Dem. People's Rep.",PRK,,,,,,,,,,,,,,,,,,,,,50.0,52.0,51.0,52.0,67.0,55.0,61.0,86.0,87.0,97.0,98.0,97.0,90.0,90.0,77.0,64.0,50.0,37.0,43.0,50.0,56.0,62.0,64.0,68.0,72.0,79.0,89.0,92.0,92.0,93.0,93.0,94.0,96.0,93.0,93.0,96.0,96.0,97.0,97.0,97.0,97.0,41.0,,
194,Portugal,PRT,,,,,,,,,,,,,,,,,,,,,73.0,75.0,78.0,79.0,78.0,72.0,81.0,83.0,81.0,88.0,89.0,96.0,94.0,93.0,97.0,93.0,95.0,94.0,97.0,97.0,96.0,97.0,98.0,99.0,95.0,93.0,97.0,97.0,97.0,96.0,98.0,97.0,98.0,98.0,98.0,98.0,98.0,98.0,99.0,99.0,99.0,99.0,,
195,Paraguay,PRY,,,,,,,,,,,,,,,,,,,,,17.0,28.0,34.0,45.0,67.0,57.0,53.0,58.0,56.0,61.0,67.0,66.0,73.0,66.0,71.0,68.0,72.0,75.0,79.0,82.0,86.0,89.0,87.0,86.0,92.0,96.0,98.0,95.0,89.0,86.0,91.0,92.0,91.0,91.0,93.0,92.0,92.0,91.0,88.0,86.0,79.0,70.0,,
196,West Bank and Gaza,PSE,,,,,,,,,,,,,,,,,,,,,,,,,,,,,,,,,,94.0,98.0,99.0,97.0,96.0,98.0,89.0,93.0,97.0,97.0,98.0,96.0,96.0,96.0,99.0,96.0,97.0,99.0,99.0,97.0,99.0,99.0,99.0,99.0,99.0,99.0,99.0,98.0,95.0,,
200,Qatar,QAT,,,,,,,,,,,,,,,,,,,,,61.0,43.0,37.0,49.0,60.0,71.0,72.0,72.0,69.0,81.0,82.0,86.0,88.0,90.0,91.0,92.0,92.0,92.0,94.0,92.0,80.0,93.0,96.0,92.0,96.0,97.0,96.0,94.0,97.0,99.0,97.0,93.0,92.0,97.0,89.0,99.0,98.0,97.0,98.0,98.0,89.0,98.0,,
201,Romania,ROU,,,,,,,,,,,,,,,,,,,,,,,,,,95.0,89.0,92.0,96.0,96.0,96.0,98.0,98.0,91.0,98.0,98.0,98.0,97.0,97.0,97.0,99.0,99.0,98.0,97.0,97.0,97.0,97.0,96.0,96.0,95.0,94.0,89.0,91.0,92.0,94.0,89.0,89.0,82.0,86.0,88.0,87.0,86.0,,
202,Russian Federation,RUS,,,,,,,,,,,,,,,,,,,,,,,,,,,,,,,,,73.0,79.0,88.0,78.0,84.0,88.0,91.0,95.0,96.0,96.0,97.0,96.0,97.0,98.0,98.0,98.0,98.0,98.0,97.0,97.0,97.0,97.0,97.0,97.0,97.0,97.0,97.0,97.0,97.0,97.0,,
203,Rwanda,RWA,,,,,,,,,,,,,,,,,,,,,,17.0,38.0,59.0,55.0,50.0,87.0,88.0,80.0,82.0,84.0,91.0,85.0,83.0,23.0,83.0,89.0,73.0,79.0,85.0,90.0,77.0,88.0,96.0,89.0,95.0,99.0,97.0,97.0,97.0,97.0,97.0,98.0,98.0,98.0,98.0,98.0,98.0,97.0,98.0,91.0,88.0,,
205,Saudi Arabia,SAU,,,,,,,,,,,,,,,,,,,,,41.0,53.0,62.0,67.0,76.0,81.0,86.0,89.0,89.0,96.0,92.0,91.0,91.0,94.0,95.0,96.0,93.0,92.0,94.0,93.0,95.0,97.0,95.0,95.0,96.0,96.0,96.0,96.0,98.0,98.0,98.0,98.0,98.0,98.0,98.0,98.0,98.0,98.0,96.0,96.0,95.0,97.0,,
206,Sudan,SDN,,,,,,,,,,,,,,,,,,,,,1.0,1.0,2.0,3.0,4.0,8.0,14.0,27.0,40.0,60.0,62.0,62.0,53.0,51.0,46.0,48.0,56.0,55.0,46.0,55.0,62.0,66.0,60.0,69.0,74.0,78.0,78.0,84.0,86.0,81.0,90.0,93.0,92.0,93.0,94.0,93.0,93.0,95.0,93.0,93.0,90.0,84.0,,
207,Senegal,SEN,,,,,,,,,,,,,,,,,,,,,,,,,,,54.0,57.0,59.0,47.0,51.0,51.0,59.0,58.0,57.0,80.0,70.0,59.0,59.0,60.0,52.0,52.0,60.0,73.0,87.0,84.0,89.0,94.0,88.0,86.0,89.0,92.0,91.0,92.0,89.0,89.0,93.0,93.0,92.0,95.0,91.0,85.0,,
208,Singapore,SGP,,,,,,,,,,,,,,,,,,,,,84.0,87.0,83.0,84.0,77.0,78.0,91.0,96.0,90.0,90.0,85.0,91.0,89.0,92.0,95.0,98.0,97.0,98.0,97.0,97.0,98.0,96.0,94.0,96.0,95.0,96.0,95.0,97.0,97.0,97.0,96.0,96.0,97.0,97.0,96.0,96.0,97.0,96.0,96.0,96.0,96.0,96.0,,
209,Solomon Islands,SLB,,,,,,,,,,,,,,,,,,,,,46.0,35.0,23.0,27.0,45.0,38.0,42.0,66.0,69.0,67.0,77.0,76.0,71.0,65.0,68.0,69.0,72.0,72.0,70.0,88.0,86.0,84.0,78.0,84.0,90.0,89.0,99.0,88.0,85.0,86.0,83.0,91.0,92.0,83.0,77.0,87.0,94.0,83.0,85.0,94.0,94.0,87.0,,
210,Sierra Leone,SLE,,,,,,,,,,,,,,,,,,,,,,,,,,,,,,,,,,,,,,,,43.0,44.0,38.0,53.0,73.0,65.0,65.0,64.0,64.0,77.0,84.0,86.0,89.0,91.0,92.0,83.0,86.0,84.0,90.0,93.0,95.0,91.0,92.0,,
211,El Salvador,SLV,,,,,,,,,,,,,,,,,,,,,44.0,42.0,42.0,21.0,31.0,55.0,50.0,53.0,63.0,64.0,80.0,61.0,60.0,79.0,90.0,99.0,96.0,97.0,99.0,94.0,99.0,92.0,81.0,94.0,90.0,89.0,96.0,99.0,98.0,91.0,89.0,89.0,92.0,92.0,94.0,91.0,93.0,85.0,81.0,81.0,72.0,79.0,,
212,San Marino,SMR,,,,,,,,,,,,,,,,,,,,,,,,99.0,99.0,99.0,99.0,99.0,99.0,99.0,99.0,99.0,99.0,99.0,88.0,99.0,99.0,99.0,99.0,99.0,98.0,97.0,96.0,96.0,95.0,96.0,92.0,91.0,91.0,90.0,90.0,92.0,89.0,86.0,84.0,85.0,86.0,88.0,90.0,88.0,89.0,90.0,,
213,Somalia,SOM,,,,,,,,,,,,,,,,,,,,,,2.0,5.0,5.0,10.0,22.0,17.0,25.0,26.0,18.0,19.0,20.0,21.0,22.0,23.0,22.0,21.0,19.0,33.0,36.0,33.0,33.0,40.0,40.0,30.0,35.0,26.0,40.0,31.0,42.0,45.0,41.0,42.0,42.0,42.0,42.0,42.0,42.0,42.0,42.0,42.0,42.0,,
214,Serbia,SRB,,,,,,,,,,,,,,,,,,,,,,,,,,,,,,,,,84.0,85.0,85.0,89.0,91.0,94.0,93.0,92.0,95.0,93.0,95.0,89.0,88.0,98.0,92.0,94.0,95.0,95.0,91.0,94.0,91.0,95.0,93.0,95.0,92.0,95.0,96.0,97.0,92.0,92.0,,
219,Sao Tome and Principe,STP,,,,,,,,,,,,,,,,,,,,,,42.0,34.0,26.0,49.0,48.0,65.0,72.0,77.0,63.0,92.0,87.0,68.0,60.0,83.0,79.0,68.0,73.0,73.0,78.0,82.0,92.0,92.0,94.0,96.0,97.0,97.0,97.0,99.0,98.0,98.0,96.0,96.0,97.0,95.0,96.0,96.0,95.0,95.0,95.0,96.0,97.0,,
220,Suriname,SUR,,,,,,,,,,,,,,,,,,,,,25.0,27.0,61.0,85.0,80.0,84.0,80.0,71.0,64.0,72.0,83.0,75.0,74.0,76.0,74.0,84.0,85.0,81.0,90.0,85.0,71.0,68.0,73.0,75.0,85.0,83.0,84.0,84.0,85.0,87.0,94.0,80.0,76.0,76.0,71.0,73.0,77.0,67.0,81.0,77.0,51.0,72.0,,
221,Slovak Republic,SVK,,,,,,,,,,,,,,,,,,,,,,,,,,,,,,,,,,,99.0,99.0,99.0,99.0,99.0,99.0,99.0,99.0,99.0,99.0,99.0,99.0,99.0,99.0,99.0,99.0,99.0,99.0,99.0,98.0,97.0,96.0,96.0,96.0,96.0,97.0,97.0,97.0,,
222,Slovenia,SVN,,,,,,,,,,,,,,,,,,,,,,,,,,,,,,,,,98.0,98.0,98.0,98.0,98.0,94.0,91.0,92.0,91.0,92.0,93.0,95.0,94.0,95.0,97.0,97.0,97.0,96.0,96.0,96.0,96.0,95.0,95.0,95.0,94.0,94.0,93.0,95.0,95.0,86.0,,
223,Sweden,SWE,,,,,,,,,,,,,,,,,,,,,99.0,99.0,99.0,99.0,99.0,99.0,99.0,99.0,99.0,99.0,99.0,99.0,99.0,99.0,99.0,99.0,99.0,99.0,99.0,99.0,99.0,99.0,99.0,99.0,99.0,98.0,98.0,98.0,98.0,98.0,98.0,98.0,98.0,98.0,97.0,98.0,98.0,97.0,97.0,98.0,97.0,98.0,,
224,Eswatini,SWZ,,,,,,,,,,,,,,,,,,,,,,30.0,39.0,43.0,50.0,61.0,74.0,86.0,89.0,89.0,89.0,79.0,93.0,89.0,96.0,82.0,82.0,82.0,83.0,83.0,84.0,84.0,85.0,85.0,86.0,86.0,87.0,87.0,88.0,88.0,89.0,91.0,95.0,98.0,98.0,90.0,90.0,90.0,90.0,90.0,83.0,77.0,,
226,Seychelles,SYC,,,,,,,,,,,,,,,,,,,,,,13.0,55.0,97.0,95.0,86.0,94.0,89.0,94.0,97.0,99.0,98.0,96.0,96.0,96.0,97.0,99.0,98.0,99.0,99.0,98.0,96.0,99.0,99.0,99.0,99.0,99.0,99.0,99.0,99.0,99.0,99.0,98.0,98.0,99.0,97.0,96.0,97.0,99.0,99.0,97.0,94.0,,
227,Syrian Arab Republic,SYR,,,,,,,,,,,,,,,,,,,,,13.0,14.0,15.0,21.0,25.0,29.0,86.0,42.0,59.0,94.0,91.0,89.0,89.0,90.0,89.0,89.0,88.0,87.0,87.0,86.0,84.0,82.0,84.0,83.0,81.0,80.0,80.0,80.0,79.0,80.0,80.0,72.0,45.0,41.0,43.0,41.0,42.0,48.0,47.0,54.0,49.0,48.0,,
229,Chad,TCD,,,,,,,,,,,,,,,,,,,,,,,,1.0,3.0,3.0,10.0,14.0,14.0,20.0,20.0,18.0,10.0,13.0,18.0,18.0,20.0,24.0,35.0,45.0,36.0,26.0,25.0,23.0,21.0,25.0,40.0,28.0,19.0,24.0,39.0,33.0,40.0,39.0,36.0,42.0,41.0,41.0,46.0,50.0,52.0,58.0,,
232,Togo,TGO,,,,,,,,,,,,,,,,,,,,,,9.0,14.0,18.0,11.0,24.0,37.0,61.0,54.0,72.0,77.0,73.0,69.0,66.0,62.0,58.0,50.0,42.0,42.0,57.0,64.0,50.0,59.0,72.0,71.0,82.0,84.0,82.0,81.0,78.0,83.0,85.0,84.0,84.0,84.0,82.0,82.0,83.0,81.0,84.0,82.0,83.0,,
233,Thailand,THA,,,,,,,,,,,,,,,,,,,,,49.0,52.0,49.0,49.0,53.0,62.0,66.0,75.0,80.0,84.0,92.0,90.0,85.0,89.0,93.0,96.0,94.0,95.0,96.0,97.0,97.0,96.0,96.0,98.0,98.0,98.0,98.0,98.0,99.0,99.0,99.0,99.0,99.0,99.0,99.0,99.0,99.0,99.0,97.0,97.0,97.0,97.0,,
234,Tajikistan,TJK,,,,,,,,,,,,,,,,,,,,,,,,,,,,,,,,,72.0,64.0,81.0,80.0,75.0,81.0,79.0,82.0,83.0,85.0,85.0,85.0,86.0,84.0,83.0,86.0,86.0,93.0,93.0,96.0,94.0,96.0,97.0,96.0,96.0,96.0,96.0,97.0,97.0,97.0,,
235,Turkmenistan,TKM,,,,,,,,,,,,,,,,,,,,,,,,,,,,,,,,,84.0,73.0,90.0,93.0,97.0,98.0,99.0,98.0,97.0,95.0,98.0,83.0,97.0,99.0,98.0,98.0,96.0,96.0,96.0,97.0,97.0,98.0,98.0,99.0,98.0,99.0,99.0,99.0,98.0,97.0,,
237,Timor-Leste,TLS,,,,,,,,,,,,,,,,,,,,,,,,,,,,,,,,,,,,,,,,,,,54.0,55.0,57.0,55.0,63.0,70.0,79.0,72.0,72.0,67.0,83.0,82.0,77.0,76.0,79.0,83.0,83.0,90.0,86.0,86.0,,
239,Tonga,TON,,,,,,,,,,,,,,,,,,,,,40.0,37.0,52.0,63.0,51.0,92.0,75.0,99.0,92.0,93.0,94.0,88.0,99.0,96.0,89.0,95.0,99.0,96.0,97.0,94.0,95.0,94.0,90.0,98.0,99.0,99.0,99.0,99.0,99.0,99.0,99.0,99.0,95.0,99.0,98.0,96.0,96.0,99.0,99.0,99.0,99.0,99.0,,
242,Trinidad and Tobago,TTO,,,,,,,,,,,,,,,,,,,,,26.0,62.0,54.0,60.0,65.0,75.0,70.0,79.0,82.0,77.0,82.0,82.0,87.0,81.0,85.0,89.0,89.0,90.0,91.0,90.0,90.0,91.0,96.0,91.0,94.0,95.0,92.0,88.0,90.0,90.0,90.0,90.0,92.0,92.0,92.0,96.0,97.0,89.0,99.0,93.0,96.0,94.0,,
243,Tunisia,TUN,,,,,,,,,,,,,,,,,,,,,,,,62.0,66.0,70.0,72.0,84.0,91.0,93.0,93.0,93.0,95.0,94.0,93.0,94.0,95.0,96.0,96.0,99.0,97.0,98.0,96.0,95.0,97.0,98.0,99.0,98.0,99.0,99.0,98.0,98.0,97.0,98.0,98.0,98.0,98.0,98.0,97.0,98.0,97.0,97.0,,
244,Turkiye,TUR,,,,,,,,,,,,,,,,,,,,,42.0,64.0,58.0,56.0,56.0,55.0,45.0,86.0,86.0,79.0,84.0,72.0,77.0,76.0,87.0,67.0,72.0,79.0,81.0,79.0,85.0,88.0,78.0,68.0,85.0,90.0,90.0,96.0,96.0,96.0,97.0,97.0,97.0,98.0,96.0,97.0,98.0,96.0,98.0,99.0,98.0,95.0,,
245,Tuvalu,TUV,,,,,,,,,,,,,,,,,,,,,36.0,49.0,72.0,79.0,37.0,52.0,73.0,59.0,89.0,85.0,99.0,74.0,70.0,80.0,99.0,87.0,97.0,77.0,94.0,83.0,82.0,96.0,98.0,93.0,98.0,93.0,97.0,97.0,99.0,88.0,89.0,96.0,97.0,90.0,89.0,96.0,94.0,96.0,89.0,92.0,95.0,94.0,,
246,Tanzania,TZA,,,,,,,,,,,,,,,,,,,,,59.0,55.0,50.0,52.0,58.0,67.0,74.0,79.0,85.0,77.0,78.0,81.0,83.0,83.0,84.0,81.0,82.0,79.0,79.0,76.0,79.0,87.0,89.0,95.0,95.0,90.0,90.0,83.0,86.0,85.0,91.0,90.0,92.0,91.0,97.0,96.0,92.0,90.0,89.0,89.0,86.0,81.0,,
247,Uganda,UGA,,,,,,,,,,,,,,,,,,,,,,9.0,12.0,14.0,14.0,14.0,21.0,30.0,38.0,42.0,45.0,49.0,53.0,56.0,60.0,59.0,57.0,56.0,48.0,50.0,52.0,55.0,57.0,59.0,62.0,64.0,64.0,73.0,71.0,79.0,80.0,82.0,83.0,84.0,85.0,89.0,93.0,94.0,93.0,93.0,89.0,91.0,,
248,Ukraine,UKR,,,,,,,,,,,,,,,,,,,,,,,,,,,,,,,,,88.0,93.0,97.0,98.0,99.0,99.0,98.0,99.0,99.0,99.0,99.0,97.0,99.0,96.0,98.0,98.0,90.0,71.0,52.0,50.0,76.0,76.0,23.0,23.0,19.0,50.0,69.0,80.0,81.0,78.0,,
249,Upper middle income,UMC,,,,,,,,,,,,,,,,,,,,,13.3240121770631,15.2139890393267,16.0175600895232,50.1308134954323,61.7568505071379,65.7314735569479,68.1065682032389,69.4989309355304,82.3493584065115,82.8946726215837,85.7005687468048,86.486203672353,83.759712658999,82.5020556013815,82.339863206015,80.1257347310564,81.990519093059,83.360022767349,84.7425017707417,85.6123665672138,86.4238593006872,86.7828713566747,86.0802637097784,85.954870120943,87.1082962540369,87.5712073594811,90.292054614787,90.5772767734156,93.0106149268113,94.058416817065,94.1974691640604,94.2284582673179,94.6493623568133,94.8545369835011,94.0814457354778,93.7219598520193,93.5530460648394,93.5204117587405,93.6139349488679,91.8698507997896,89.1216732947195,87.2676180260937,,
250,Uruguay,URY,,,,,,,,,,,,,,,,,,,,,53.0,57.0,67.0,73.0,62.0,63.0,70.0,85.0,82.0,88.0,97.0,96.0,93.0,92.0,91.0,91.0,91.0,91.0,91.0,93.0,90.0,94.0,95.0,91.0,94.0,96.0,95.0,94.0,94.0,95.0,95.0,95.0,95.0,94.0,95.0,95.0,95.0,93.0,91.0,94.0,92.0,89.0,,
251,United States,USA,,,,,,,,,,,,,,,,,,,,,96.0,96.0,96.0,97.0,97.0,96.0,97.0,97.0,97.0,94.0,90.0,86.0,83.0,88.0,94.0,95.0,95.0,96.0,96.0,96.0,94.0,94.0,94.0,96.0,96.0,96.0,96.0,96.0,96.0,95.0,95.0,96.0,94.0,94.0,95.0,95.0,95.0,94.0,94.0,94.0,93.0,93.0,,
252,Uzbekistan,UZB,,,,,,,,,,,,,,,,,,,,,,,,,,,,,,,,,90.0,45.0,67.0,87.0,95.0,96.0,99.0,99.0,99.0,99.0,99.0,98.0,99.0,99.0,96.0,96.0,98.0,98.0,99.0,99.0,99.0,99.0,99.0,99.0,99.0,99.0,98.0,96.0,95.0,98.0,,
253,St. Vincent and the Grenadines,VCT,,,,,,,,,,,,,,,,,,,,,26.0,32.0,67.0,80.0,86.0,90.0,95.0,97.0,98.0,98.0,98.0,99.0,99.0,99.0,99.0,97.0,99.0,99.0,99.0,95.0,98.0,99.0,99.0,99.0,99.0,99.0,99.0,99.0,99.0,99.0,99.0,96.0,96.0,97.0,98.0,99.0,99.0,99.0,97.0,97.0,97.0,97.0,,
254,"Venezuela, RB",VEN,,,,,,,,,,,,,,,,,,,,,56.0,54.0,53.0,58.0,33.0,49.0,58.0,57.0,56.0,57.0,63.0,64.0,67.0,67.0,63.0,68.0,57.0,60.0,39.0,76.0,77.0,70.0,65.0,68.0,86.0,87.0,71.0,62.0,50.0,84.0,78.0,78.0,81.0,82.0,78.0,87.0,84.0,66.0,60.0,64.0,54.0,56.0,,
257,Vietnam,VNM,,,,,,,,,,,,,,,,,,,,,,,,4.0,5.0,42.0,43.0,50.0,70.0,88.0,88.0,88.0,88.0,91.0,94.0,93.0,94.0,95.0,94.0,93.0,96.0,96.0,75.0,99.0,96.0,95.0,94.0,92.0,93.0,96.0,93.0,95.0,97.0,59.0,95.0,97.0,96.0,94.0,75.0,89.0,94.0,83.0,,
258,Vanuatu,VUT,,,,,,,,,,,,,,,,,,,,,,,22.0,27.0,28.0,30.0,31.0,56.0,58.0,61.0,76.0,83.0,77.0,86.0,74.0,73.0,67.0,72.0,72.0,71.0,71.0,70.0,70.0,69.0,69.0,68.0,68.0,70.0,73.0,75.0,77.0,79.0,82.0,84.0,86.0,80.0,81.0,85.0,85.0,90.0,78.0,62.0,,
259,World,WLD,,,,,,,,,,,,,,,,,,,,,16.5987151670411,19.901383366643,22.1664290361702,35.8756093611484,42.2913852051329,46.7656044708751,49.9915197262676,54.3536391620175,63.3646794235992,68.4433377800036,76.0657686902012,72.0035618250692,70.5909240177841,70.5035433112083,72.9002793778079,73.3080750665664,72.4964048063233,71.6183803113282,71.8998987327951,71.9341927687419,72.5922937473811,73.1976122123893,72.875062012089,74.5208691608563,76.5149713828961,77.3491724752277,78.5494117207742,78.5823727870314,81.1940678009167,83.2092072200489,83.6739594001476,84.7049117950599,84.4490861342039,84.0806781363686,84.8203408403499,84.9975161657817,86.0635091374879,86.1192170559286,86.2771271981769,86.2310396960908,83.1860648775309,81.3981347684931,,
260,Samoa,WSM,,,,,,,,,,,,,,,,,,,,,29.0,66.0,87.0,89.0,96.0,89.0,94.0,93.0,90.0,66.0,90.0,79.0,91.0,92.0,93.0,94.0,95.0,96.0,99.0,97.0,98.0,90.0,92.0,90.0,63.0,59.0,50.0,65.0,39.0,64.0,78.0,82.0,82.0,84.0,78.0,80.0,74.0,67.0,44.0,68.0,89.0,85.0,,
262,"Yemen, Rep.",YEM,,,,,,,,,,,,,,,,,,,,,1.0,3.0,4.0,5.0,7.0,12.0,13.0,18.0,36.0,56.0,84.0,47.0,50.0,54.0,33.0,44.0,47.0,40.0,68.0,71.0,74.0,73.0,65.0,61.0,72.0,79.0,78.0,79.0,78.0,76.0,76.0,69.0,67.0,73.0,73.0,69.0,71.0,68.0,65.0,73.0,72.0,72.0,,
263,South Africa,ZAF,,,,,,,,,,,,,,,,,,,,,,,,74.0,75.0,75.0,70.0,72.0,70.0,71.0,72.0,81.0,79.0,81.0,73.0,72.0,73.0,76.0,75.0,74.0,73.0,71.0,70.0,69.0,74.0,81.0,84.0,85.0,82.0,81.0,77.0,75.0,71.0,81.0,85.0,85.0,85.0,84.0,82.0,85.0,84.0,86.0,,
264,Zambia,ZMB,,,,,,,,,,,,,,,,,,,,,,,,49.0,59.0,66.0,66.0,83.0,83.0,83.0,91.0,79.0,83.0,86.0,90.0,86.0,84.0,83.0,84.0,84.0,85.0,85.0,84.0,83.0,83.0,82.0,81.0,80.0,87.0,94.0,83.0,81.0,78.0,79.0,86.0,90.0,95.0,94.0,90.0,88.0,84.0,91.0,,
265,Zimbabwe,ZWE,,,,,,,,,,,,,,,,,,,,,,39.0,46.0,53.0,60.0,63.0,75.0,84.0,85.0,87.0,88.0,87.0,86.0,85.0,87.0,88.0,90.0,86.0,84.0,81.0,78.0,75.0,71.0,68.0,65.0,68.0,70.0,73.0,75.0,73.0,89.0,93.0,95.0,95.0,91.0,87.0,90.0,89.0,89.0,90.0,86.0,86.0,,
